adminCode1,lng,countryCode,postalCode,adminName1,ISO3166-2,placeName,lat
AB,-113.2589871,CA,T8A 6E4,Alberta,AB,Sherwood Park,53.5321357
AB,-113.266886,CA,T8A 6E6,Alberta,AB,Sherwood Park,53.52821
AB,-113.2798625,CA,T8A 6E7,Alberta,AB,Sherwood Park,53.5146115
AB,-113.2771245,CA,T8A 6E8,Alberta,AB,Sherwood Park,53.5130287
AB,-113.278632,CA,T8A 6E9,Alberta,AB,Sherwood Park,53.513
AB,-113.2710529,CA,T8A 6G1,Alberta,AB,Sherwood Park,53.5172332
AB,-113.270397,CA,T8A 6G2,Alberta,AB,Sherwood Park,53.517275
AB,-113.28064,CA,T8A 6G3,Alberta,AB,Sherwood Park,53.520155
AB,-113.249432,CA,T8A 6G5,Alberta,AB,Sherwood Park,53.5153364
AB,-113.2666779,CA,T8A 6G6,Alberta,AB,Sherwood Park,53.5236981
AB,-113.2619055,CA,T8A 6G7,Alberta,AB,Sherwood Park,53.5373332
AB,-113.2606025,CA,T8A 6G8,Alberta,AB,Sherwood Park,53.5376643
AB,-113.265754,CA,T8A 6G9,Alberta,AB,Sherwood Park,53.525205
AB,-113.2607123,CA,T8A 6H1,Alberta,AB,Sherwood Park,53.5375839
AB,-113.3205816,CA,T8A 6H2,Alberta,AB,Sherwood Park,53.5367003
AB,-113.262461,CA,T8A 6H3,Alberta,AB,Sherwood Park,53.53859
AB,-113.251446,CA,T8A 6H4,Alberta,AB,Sherwood Park,53.532245
AB,-113.1784446,CA,T8A 6H6,Alberta,AB,Sherwood Park,53.5414661
AB,-113.295405,CA,T8A 6H7,Alberta,AB,Sherwood Park,53.538608
AB,-113.3174172,CA,T8A 6H8,Alberta,AB,Sherwood Park,53.5137721
AB,-113.2528163,CA,T8A 6H9,Alberta,AB,Sherwood Park,53.5134732
AB,-113.2518562,CA,T8A 6J1,Alberta,AB,Sherwood Park,53.5130995
AB,-113.2510786,CA,T8A 6J2,Alberta,AB,Sherwood Park,53.5129249
AB,-113.288587,CA,T8A 6J3,Alberta,AB,Sherwood Park,53.526785
AB,-113.258396,CA,T8A 6J4,Alberta,AB,Sherwood Park,53.529983
AB,-113.249553,CA,T8A 6J5,Alberta,AB,Sherwood Park,53.530874
AB,-113.2504209,CA,T8A 6J6,Alberta,AB,Sherwood Park,53.5313907
AB,-113.32441,CA,T8A 6J7,Alberta,AB,Sherwood Park,53.534113
AB,-113.2555214,CA,T8A 6J8,Alberta,AB,Sherwood Park,53.5358785
AB,-113.25809,CA,T8A 6J9,Alberta,AB,Sherwood Park,53.533776
AB,-113.2596518,CA,T8A 6K1,Alberta,AB,Sherwood Park,53.5269291
AB,-113.2461338,CA,T8A 6K2,Alberta,AB,Sherwood Park,53.5199076
AB,-113.266694,CA,T8A 6K3,Alberta,AB,Sherwood Park,53.5235
AB,-113.2574,CA,T8A 6K4,Alberta,AB,Sherwood Park,53.524545
AB,-113.25742,CA,T8A 6K5,Alberta,AB,Sherwood Park,53.523795
AB,-113.257663,CA,T8A 6K6,Alberta,AB,Sherwood Park,53.521953
AB,-113.274477,CA,T8A 6K7,Alberta,AB,Sherwood Park,53.520901
AB,-113.274477,CA,T8A 6K8,Alberta,AB,Sherwood Park,53.520902
AB,-113.274477,CA,T8A 6K9,Alberta,AB,Sherwood Park,53.520903
AB,-113.258396,CA,T8A 6L1,Alberta,AB,Sherwood Park,53.529984
AB,-113.2635668,CA,T8A 6L2,Alberta,AB,Sherwood Park,53.5267329
AB,-113.265754,CA,T8A 6L3,Alberta,AB,Sherwood Park,53.525206
AB,-113.258396,CA,T8A 6L4,Alberta,AB,Sherwood Park,53.529985
AB,-113.252607,CA,T8A 6L5,Alberta,AB,Sherwood Park,53.527366
AB,-113.252177,CA,T8A 6L6,Alberta,AB,Sherwood Park,53.520622
AB,-113.249595,CA,T8A 6L7,Alberta,AB,Sherwood Park,53.530791
AB,-113.252177,CA,T8A 6L8,Alberta,AB,Sherwood Park,53.520623
AB,-113.252177,CA,T8A 6L9,Alberta,AB,Sherwood Park,53.520624
AB,-113.252177,CA,T8A 6M1,Alberta,AB,Sherwood Park,53.520625
AB,-113.252177,CA,T8A 6M2,Alberta,AB,Sherwood Park,53.520626
AB,-113.252177,CA,T8A 6M3,Alberta,AB,Sherwood Park,53.520627
AB,-113.252177,CA,T8A 6M4,Alberta,AB,Sherwood Park,53.520628
AB,-113.252177,CA,T8A 6M5,Alberta,AB,Sherwood Park,53.520629
AB,-113.254901,CA,T8A 6M6,Alberta,AB,Sherwood Park,53.524602
AB,-113.252612,CA,T8A 6M7,Alberta,AB,Sherwood Park,53.525115
AB,-113.29531,CA,T8A 6M8,Alberta,AB,Sherwood Park,53.519644
AB,-113.271568,CA,T8A 6M9,Alberta,AB,Sherwood Park,53.52606
AB,-113.294544,CA,T8A 6N1,Alberta,AB,Sherwood Park,53.511214
AB,-113.270397,CA,T8A 6N2,Alberta,AB,Sherwood Park,53.517275
AB,-113.256114,CA,T8A 6N3,Alberta,AB,Sherwood Park,53.515369
AB,-113.259033,CA,T8A 6N4,Alberta,AB,Sherwood Park,53.5285804
AB,-113.252046,CA,T8A 6N5,Alberta,AB,Sherwood Park,53.519166
AB,-113.250622,CA,T8A 6N6,Alberta,AB,Sherwood Park,53.518296
AB,-113.271568,CA,T8A 6N7,Alberta,AB,Sherwood Park,53.52606
AB,-113.2591025,CA,T8A 6N8,Alberta,AB,Sherwood Park,53.5209732
AB,-113.253364,CA,T8A 6N9,Alberta,AB,Sherwood Park,53.525119
AB,-113.2573054,CA,T8A 6P1,Alberta,AB,Sherwood Park,53.5220971
AB,-113.318876,CA,T8A 6P2,Alberta,AB,Sherwood Park,53.512339
AB,-113.300487,CA,T8A 6P3,Alberta,AB,Sherwood Park,53.526525
AB,-113.251418,CA,T8A 6P4,Alberta,AB,Sherwood Park,53.517721
AB,-113.3198372,CA,T8B 0A2,Alberta,AB,Sherwood Park,53.5033054
AB,-113.2864257,CA,T8B 0A3,Alberta,AB,Sherwood Park,53.448622
AB,-113.2727563,CA,T8B 0A4,Alberta,AB,Sherwood Park,53.5119057
AB,-113.2856,CA,T8B 0A5,Alberta,AB,Sherwood Park,53.439802
AB,-113.3165656,CA,T8B 0A6,Alberta,AB,Sherwood Park,53.4638448
AB,-113.2864257,CA,T8B 0A7,Alberta,AB,Sherwood Park,53.448622
AB,-113.2864257,CA,T8B 0A8,Alberta,AB,Sherwood Park,53.448622
AB,-113.313112,CA,T8B 0A9,Alberta,AB,Sherwood Park,53.512308
AB,-113.3047081,CA,T8B 0B1,Alberta,AB,Sherwood Park,53.5096202
AB,-113.305278,CA,T8B 0B2,Alberta,AB,Sherwood Park,53.509372
AB,-113.2957365,CA,T8B 0B3,Alberta,AB,Sherwood Park,53.5412083
AB,-113.303204,CA,T8B 0B4,Alberta,AB,Sherwood Park,53.509245
AB,-113.30156,CA,T8B 0B5,Alberta,AB,Sherwood Park,53.508942
AB,-113.308083,CA,T8B 0B6,Alberta,AB,Sherwood Park,53.510879
AB,-113.308083,CA,T8B 0B7,Alberta,AB,Sherwood Park,53.510879
AB,-113.308332,CA,T8B 0B8,Alberta,AB,Sherwood Park,53.5116884
AB,-113.308332,CA,T8B 0B9,Alberta,AB,Sherwood Park,53.5116884
AB,-113.3042843,CA,T8B 0C1,Alberta,AB,Sherwood Park,53.5096231
AB,-113.303328,CA,T8B 0C2,Alberta,AB,Sherwood Park,53.50858
AB,-113.30415,CA,T8B 0C3,Alberta,AB,Sherwood Park,53.507545
AB,-113.3059297,CA,T8B 0C4,Alberta,AB,Sherwood Park,53.5087808
AB,-113.3255786,CA,T8B 0C5,Alberta,AB,Sherwood Park,53.5117466
AB,-113.2706731,CA,T8B 1A1,Alberta,AB,Sherwood Park,53.4473553
AB,-113.2706385,CA,T8B 1A2,Alberta,AB,Sherwood Park,53.4539266
AB,-113.2706399,CA,T8B 1A3,Alberta,AB,Sherwood Park,53.454088
AB,-113.2706717,CA,T8B 1A4,Alberta,AB,Sherwood Park,53.4683766
AB,-113.269192,CA,T8B 1A6,Alberta,AB,Sherwood Park,53.597511
AB,-113.2710889,CA,T8B 1A7,Alberta,AB,Sherwood Park,53.4838394
AB,-113.2714558,CA,T8B 1A8,Alberta,AB,Sherwood Park,53.4988336
AB,-113.2713331,CA,T8B 1A9,Alberta,AB,Sherwood Park,53.5012686
BC,-122.17367,CA,V2G 3S4,British Columbia,BC,Williams Lake,52.11533
BC,-122.1736835,CA,V2G 3S5,British Columbia,BC,Williams Lake,52.116695
BC,-122.15438,CA,V2G 3S7,British Columbia,BC,Williams Lake,52.108642
BC,-122.167905,CA,V2G 3S8,British Columbia,BC,Williams Lake,52.111119
BC,-122.167602,CA,V2G 3S9,British Columbia,BC,Williams Lake,52.111121
BC,-122.147653,CA,V2G 3T1,British Columbia,BC,Williams Lake,52.115219
BC,-122.151066,CA,V2G 3T2,British Columbia,BC,Williams Lake,52.118388
BC,-122.148511,CA,V2G 3T3,British Columbia,BC,Williams Lake,52.11556
BC,-122.1528245,CA,V2G 3T4,British Columbia,BC,Williams Lake,52.1187385
BC,-122.1536965,CA,V2G 3T5,British Columbia,BC,Williams Lake,52.115996
BC,-122.115681,CA,V2G 3T6,British Columbia,BC,Williams Lake,52.124134
BC,-122.147976,CA,V2G 3T9,British Columbia,BC,Williams Lake,52.149792
BC,-122.147575,CA,V2G 3V1,British Columbia,BC,Williams Lake,52.15017
BC,-122.149787,CA,V2G 3V2,British Columbia,BC,Williams Lake,52.15238
BC,-122.147086,CA,V2G 3V3,British Columbia,BC,Williams Lake,52.13809
BC,-122.114709,CA,V2G 3V4,British Columbia,BC,Williams Lake,52.095969
BC,-122.1165324,CA,V2G 3V5,British Columbia,BC,Williams Lake,52.0952997
BC,-122.165846,CA,V2G 3V6,British Columbia,BC,Williams Lake,52.148317
BC,-122.165443,CA,V2G 3V7,British Columbia,BC,Williams Lake,52.148788
BC,-122.161985,CA,V2G 3V9,British Columbia,BC,Williams Lake,52.147909
BC,-122.1329367,CA,V2G 3W1,British Columbia,BC,Williams Lake,52.1286157
BC,-122.149435,CA,V2G 3W2,British Columbia,BC,Williams Lake,52.062643
BC,-122.143712,CA,V2G 3W3,British Columbia,BC,Williams Lake,52.12719
BC,-122.165766,CA,V2G 3W4,British Columbia,BC,Williams Lake,52.148841
BC,-122.17154,CA,V2G 3W5,British Columbia,BC,Williams Lake,52.11636
BC,-122.165627,CA,V2G 3W6,British Columbia,BC,Williams Lake,52.148568
BC,-122.148628,CA,V2G 3W7,British Columbia,BC,Williams Lake,52.137768
BC,-122.131409,CA,V2G 3W8,British Columbia,BC,Williams Lake,52.135526
BC,-122.1494993,CA,V2G 3W9,British Columbia,BC,Williams Lake,52.1509281
BC,-122.152278,CA,V2G 3X1,British Columbia,BC,Williams Lake,52.149357
BC,-122.150846,CA,V2G 3X2,British Columbia,BC,Williams Lake,52.157562
BC,-122.150841,CA,V2G 3X3,British Columbia,BC,Williams Lake,52.157562
BC,-122.150475,CA,V2G 3X4,British Columbia,BC,Williams Lake,52.155824
BC,-122.149778,CA,V2G 3X5,British Columbia,BC,Williams Lake,52.154057
BC,-122.114441,CA,V2G 3X6,British Columbia,BC,Williams Lake,52.094372
BC,-122.111658,CA,V2G 3X7,British Columbia,BC,Williams Lake,52.097905
BC,-122.130567,CA,V2G 3X8,British Columbia,BC,Williams Lake,52.123392
BC,-122.126582,CA,V2G 3X9,British Columbia,BC,Williams Lake,52.124728
BC,-122.129048,CA,V2G 3Y1,British Columbia,BC,Williams Lake,52.123392
BC,-122.114441,CA,V2G 3Y2,British Columbia,BC,Williams Lake,52.094373
BC,-122.129593,CA,V2G 3Y3,British Columbia,BC,Williams Lake,52.131988
BC,-122.146677,CA,V2G 3Y4,British Columbia,BC,Williams Lake,52.143019
BC,-122.1466,CA,V2G 3Y5,British Columbia,BC,Williams Lake,52.143196
BC,-122.148319,CA,V2G 3Y6,British Columbia,BC,Williams Lake,52.142472
BC,-122.148403,CA,V2G 3Y7,British Columbia,BC,Williams Lake,52.142869
BC,-122.145977,CA,V2G 3Y8,British Columbia,BC,Williams Lake,52.142778
BC,-122.1120841,CA,V2G 3Y9,British Columbia,BC,Williams Lake,52.0973162
BC,-122.144045,CA,V2G 3Z1,British Columbia,BC,Williams Lake,52.127106
BC,-122.150243,CA,V2G 3Z2,British Columbia,BC,Williams Lake,52.149509
BC,-122.1708663,CA,V2G 3Z3,British Columbia,BC,Williams Lake,52.1153428
BC,-122.149388,CA,V2G 3Z5,British Columbia,BC,Williams Lake,52.14098
BC,-122.150223,CA,V2G 3Z6,British Columbia,BC,Williams Lake,52.143425
BC,-122.150976,CA,V2G 3Z7,British Columbia,BC,Williams Lake,52.143521
BC,-122.151434,CA,V2G 3Z8,British Columbia,BC,Williams Lake,52.141222
BC,-122.151434,CA,V2G 3Z9,British Columbia,BC,Williams Lake,52.141223
BC,-122.1509,CA,V2G 4A1,British Columbia,BC,Williams Lake,52.143278
BC,-122.150094,CA,V2G 4A2,British Columbia,BC,Williams Lake,52.141121
BC,-122.150094,CA,V2G 4A3,British Columbia,BC,Williams Lake,52.141123
BC,-122.149544,CA,V2G 4A4,British Columbia,BC,Williams Lake,52.143428
BC,-122.1485155,CA,V2G 4A5,British Columbia,BC,Williams Lake,52.1442165
BC,-122.154744,CA,V2G 4A6,British Columbia,BC,Williams Lake,52.145573
BC,-122.123433,CA,V2G 4A7,British Columbia,BC,Williams Lake,52.09801
BC,-122.133074,CA,V2G 4A8,British Columbia,BC,Williams Lake,52.140825
BC,-122.132997,CA,V2G 4A9,British Columbia,BC,Williams Lake,52.1427605
BC,-122.133073,CA,V2G 4B1,British Columbia,BC,Williams Lake,52.140865
BC,-122.132987,CA,V2G 4B2,British Columbia,BC,Williams Lake,52.142995
BC,-122.132881,CA,V2G 4B3,British Columbia,BC,Williams Lake,52.14192
BC,-122.132629,CA,V2G 4B4,British Columbia,BC,Williams Lake,52.141918
BC,-122.1308585,CA,V2G 4B5,British Columbia,BC,Williams Lake,52.1426365
BC,-122.148983,CA,V2G 4B6,British Columbia,BC,Williams Lake,52.143295
BC,-122.149729,CA,V2G 4B7,British Columbia,BC,Williams Lake,52.143361
BC,-122.154343,CA,V2G 4B8,British Columbia,BC,Williams Lake,52.143825
BC,-122.1521231,CA,V2G 4B9,British Columbia,BC,Williams Lake,52.1436892
BC,-122.1556995,CA,V2G 4C1,British Columbia,BC,Williams Lake,52.146346
BC,-122.141231,CA,V2G 4C2,British Columbia,BC,Williams Lake,52.12904
BC,-122.152208,CA,V2G 4C3,British Columbia,BC,Williams Lake,52.14062
BC,-122.152203,CA,V2G 4C4,British Columbia,BC,Williams Lake,52.140615
BC,-122.156473,CA,V2G 4C5,British Columbia,BC,Williams Lake,52.14385
BC,-122.1019835,CA,V2G 4C6,British Columbia,BC,Williams Lake,52.108496
BC,-122.154472,CA,V2G 4C7,British Columbia,BC,Williams Lake,52.144778
BC,-122.154506,CA,V2G 4C8,British Columbia,BC,Williams Lake,52.144782
BC,-122.156644,CA,V2G 4C9,British Columbia,BC,Williams Lake,52.144059
BC,-122.1575035,CA,V2G 4E1,British Columbia,BC,Williams Lake,52.146564
BC,-122.157487,CA,V2G 4E2,British Columbia,BC,Williams Lake,52.14584
BC,-122.157517,CA,V2G 4E3,British Columbia,BC,Williams Lake,52.147491
BC,-122.157517,CA,V2G 4E4,British Columbia,BC,Williams Lake,52.14749
BC,-122.130866,CA,V2G 4E5,British Columbia,BC,Williams Lake,52.142642
BC,-122.15103,CA,V2G 4E6,British Columbia,BC,Williams Lake,52.143528
BC,-122.15691,CA,V2G 4E7,British Columbia,BC,Williams Lake,52.144516
BC,-122.13273,CA,V2G 4E8,British Columbia,BC,Williams Lake,52.142349
BC,-122.15863,CA,V2G 4E9,British Columbia,BC,Williams Lake,52.143151
BC,-122.116136,CA,V2G 4G1,British Columbia,BC,Williams Lake,52.098444
BC,-122.115821,CA,V2G 4G2,British Columbia,BC,Williams Lake,52.098417
BC,-122.1280964,CA,V2G 4G4,British Columbia,BC,Williams Lake,52.1281304
BC,-122.1537,CA,V2G 4G5,British Columbia,BC,Williams Lake,52.140681
BC,-122.152985,CA,V2G 4G6,British Columbia,BC,Williams Lake,52.141211
BC,-122.152342,CA,V2G 4G7,British Columbia,BC,Williams Lake,52.142927
BC,-122.154886,CA,V2G 4G8,British Columbia,BC,Williams Lake,52.143123
BC,-122.154807,CA,V2G 4G9,British Columbia,BC,Williams Lake,52.14316
BC,-122.153978,CA,V2G 4H1,British Columbia,BC,Williams Lake,52.142126
MB,-97.2210807,CA,R2R 3A2,Manitoba,MB,Winnipeg,49.950191
MB,-97.213243,CA,R2R 3A3,Manitoba,MB,Winnipeg,49.9607604
MB,-97.2094058,CA,R2R 3A4,Manitoba,MB,Winnipeg,49.929394
MB,-97.145768,CA,R2V 0A1,Manitoba,MB,Winnipeg,49.93595
MB,-97.136431,CA,R2V 0A3,Manitoba,MB,Winnipeg,49.933546
MB,-97.136198,CA,R2V 0A4,Manitoba,MB,Winnipeg,49.93347
MB,-97.141276,CA,R2V 0A5,Manitoba,MB,Winnipeg,49.935087
MB,-97.141413,CA,R2V 0A6,Manitoba,MB,Winnipeg,49.935277
MB,-97.1438,CA,R2V 0A7,Manitoba,MB,Winnipeg,49.935869
MB,-97.143954,CA,R2V 0A8,Manitoba,MB,Winnipeg,49.935918
MB,-97.13562,CA,R2V 0A9,Manitoba,MB,Winnipeg,49.934247
MB,-97.135623,CA,R2V 0B1,Manitoba,MB,Winnipeg,49.934248
MB,-97.1417835,CA,R2V 0B2,Manitoba,MB,Winnipeg,49.936242
MB,-97.140674,CA,R2V 0B3,Manitoba,MB,Winnipeg,49.935878
MB,-97.143784,CA,R2V 0B4,Manitoba,MB,Winnipeg,49.936852
MB,-97.14379,CA,R2V 0B5,Manitoba,MB,Winnipeg,49.936853
MB,-97.112262,CA,R2V 0B6,Manitoba,MB,Winnipeg,49.927852
MB,-97.112251,CA,R2V 0B7,Manitoba,MB,Winnipeg,49.927848
MB,-97.114672,CA,R2V 0B8,Manitoba,MB,Winnipeg,49.928631
MB,-97.116814,CA,R2V 0B9,Manitoba,MB,Winnipeg,49.92934
MB,-97.119259,CA,R2V 0C1,Manitoba,MB,Winnipeg,49.930127
MB,-97.119371,CA,R2V 0C2,Manitoba,MB,Winnipeg,49.930163
MB,-97.122584,CA,R2V 0C3,Manitoba,MB,Winnipeg,49.931208
MB,-97.122319,CA,R2V 0C4,Manitoba,MB,Winnipeg,49.930962
MB,-97.124982,CA,R2V 0C5,Manitoba,MB,Winnipeg,49.931813
MB,-97.125044,CA,R2V 0C6,Manitoba,MB,Winnipeg,49.931994
MB,-97.1273894,CA,R2V 0C7,Manitoba,MB,Winnipeg,49.9325924
MB,-97.127527,CA,R2V 0C8,Manitoba,MB,Winnipeg,49.932635
MB,-97.129956,CA,R2V 0C9,Manitoba,MB,Winnipeg,49.933422
MB,-97.132346,CA,R2V 0E1,Manitoba,MB,Winnipeg,49.9341845
MB,-97.1373965,CA,R2V 0E2,Manitoba,MB,Winnipeg,49.935803
MB,-97.135016,CA,R2V 0E3,Manitoba,MB,Winnipeg,49.935037
MB,-97.140053,CA,R2V 0E4,Manitoba,MB,Winnipeg,49.936659
MB,-97.140139,CA,R2V 0E5,Manitoba,MB,Winnipeg,49.936833
MB,-97.114194,CA,R2V 0E6,Manitoba,MB,Winnipeg,49.929433
MB,-97.115792,CA,R2V 0E7,Manitoba,MB,Winnipeg,49.930141
MB,-97.121206,CA,R2V 0E9,Manitoba,MB,Winnipeg,49.931688
MB,-97.121119,CA,R2V 0G1,Manitoba,MB,Winnipeg,49.931813
MB,-97.12184,CA,R2V 0G2,Manitoba,MB,Winnipeg,49.931773
MB,-97.121842,CA,R2V 0G3,Manitoba,MB,Winnipeg,49.931774
MB,-97.125499,CA,R2V 0G4,Manitoba,MB,Winnipeg,49.9329565
MB,-97.124366,CA,R2V 0G5,Manitoba,MB,Winnipeg,49.932588
MB,-97.12799,CA,R2V 0G6,Manitoba,MB,Winnipeg,49.9337685
MB,-97.126915,CA,R2V 0G7,Manitoba,MB,Winnipeg,49.933417
MB,-97.129346,CA,R2V 0G8,Manitoba,MB,Winnipeg,49.934211
MB,-97.131732,CA,R2V 0G9,Manitoba,MB,Winnipeg,49.93498
MB,-97.134401,CA,R2V 0H1,Manitoba,MB,Winnipeg,49.93584
MB,-97.136779,CA,R2V 0H2,Manitoba,MB,Winnipeg,49.936603
MB,-97.139446,CA,R2V 0H3,Manitoba,MB,Winnipeg,49.937458
MB,-97.139442,CA,R2V 0H4,Manitoba,MB,Winnipeg,49.937457
MB,-97.121379,CA,R2V 0H5,Manitoba,MB,Winnipeg,49.932619
MB,-97.12242,CA,R2V 0H6,Manitoba,MB,Winnipeg,49.932952
MB,-97.124747,CA,R2V 0H7,Manitoba,MB,Winnipeg,49.933801
MB,-97.123744,CA,R2V 0H8,Manitoba,MB,Winnipeg,49.933375
MB,-97.126148,CA,R2V 0H9,Manitoba,MB,Winnipeg,49.93415
MB,-97.127307,CA,R2V 0J1,Manitoba,MB,Winnipeg,49.9345215
MB,-97.128752,CA,R2V 0J2,Manitoba,MB,Winnipeg,49.934985
MB,-97.131196,CA,R2V 0J3,Manitoba,MB,Winnipeg,49.935675
MB,-97.1338,CA,R2V 0J4,Manitoba,MB,Winnipeg,49.936615
MB,-97.133801,CA,R2V 0J5,Manitoba,MB,Winnipeg,49.936615
MB,-97.1392925,CA,R2V 0J6,Manitoba,MB,Winnipeg,49.93838
MB,-97.138833,CA,R2V 0J7,Manitoba,MB,Winnipeg,49.938231
MB,-97.120642,CA,R2V 0J8,Manitoba,MB,Winnipeg,49.932546
MB,-97.112899,CA,R2V 0J9,Manitoba,MB,Winnipeg,49.930121
MB,-97.115545,CA,R2V 0K1,Manitoba,MB,Winnipeg,49.930971
MB,-97.117993,CA,R2V 0K2,Manitoba,MB,Winnipeg,49.931751
MB,-97.113088,CA,R2V 0K3,Manitoba,MB,Winnipeg,49.930182
MB,-97.117993,CA,R2V 0K4,Manitoba,MB,Winnipeg,49.931909
MB,-97.115242,CA,R2V 0K5,Manitoba,MB,Winnipeg,49.9318215
MB,-97.113447,CA,R2V 0K6,Manitoba,MB,Winnipeg,49.931243
MB,-97.117414,CA,R2V 0K7,Manitoba,MB,Winnipeg,49.932519
MB,-97.117461,CA,R2V 0K8,Manitoba,MB,Winnipeg,49.932533
MB,-97.124501,CA,R2V 0K9,Manitoba,MB,Winnipeg,49.934569
MB,-97.123235,CA,R2V 0L1,Manitoba,MB,Winnipeg,49.934013
MB,-97.126725,CA,R2V 0L2,Manitoba,MB,Winnipeg,49.935254
MB,-97.125622,CA,R2V 0L3,Manitoba,MB,Winnipeg,49.934792
MB,-97.12823,CA,R2V 0L4,Manitoba,MB,Winnipeg,49.935642
MB,-97.128231,CA,R2V 0L5,Manitoba,MB,Winnipeg,49.935642
MB,-97.13329,CA,R2V 0L6,Manitoba,MB,Winnipeg,49.937289
MB,-97.135657,CA,R2V 0L7,Manitoba,MB,Winnipeg,49.938052
MB,-97.138309,CA,R2V 0L8,Manitoba,MB,Winnipeg,49.938906
MB,-97.1382426,CA,R2V 0L9,Manitoba,MB,Winnipeg,49.9388875
MB,-97.1136,CA,R2V 0M1,Manitoba,MB,Winnipeg,49.932115
MB,-97.113615,CA,R2V 0M2,Manitoba,MB,Winnipeg,49.93212
MB,-97.116841,CA,R2V 0M3,Manitoba,MB,Winnipeg,49.933193
MB,-97.118275,CA,R2V 0M4,Manitoba,MB,Winnipeg,49.933564
MB,-97.1207848,CA,R2V 0M5,Manitoba,MB,Winnipeg,49.9343478
MB,-97.121333,CA,R2V 0M6,Manitoba,MB,Winnipeg,49.934298
MB,-97.123802,CA,R2V 0M7,Manitoba,MB,Winnipeg,49.9350905
MB,-97.122695,CA,R2V 0M8,Manitoba,MB,Winnipeg,49.934736
MB,-97.1250525,CA,R2V 0M9,Manitoba,MB,Winnipeg,49.9354935
MB,-97.127058,CA,R2V 0N1,Manitoba,MB,Winnipeg,49.9361405
MB,-97.127679,CA,R2V 0N2,Manitoba,MB,Winnipeg,49.936342
MB,-97.127707,CA,R2V 0N3,Manitoba,MB,Winnipeg,49.936351
MB,-97.106773,CA,R2V 0N4,Manitoba,MB,Winnipeg,49.954906
MB,-97.1313545,CA,R2V 0N5,Manitoba,MB,Winnipeg,49.9375205
MB,-97.132763,CA,R2V 0N6,Manitoba,MB,Winnipeg,49.937971
MB,-97.1338645,CA,R2V 0N7,Manitoba,MB,Winnipeg,49.938328
MB,-97.1363745,CA,R2V 0N8,Manitoba,MB,Winnipeg,49.939134
MB,-97.137806,CA,R2V 0N9,Manitoba,MB,Winnipeg,49.939588
NB,-67.065315,CA,E6K 2J4,New Brunswick,NB,Harvey York Co,45.802718
NB,-67.065315,CA,E6K 2J5,New Brunswick,NB,Harvey York Co,45.802719
NB,-67.065315,CA,E6K 2J6,New Brunswick,NB,Harvey York Co,45.80272
NB,-67.011918,CA,E6K 2J7,New Brunswick,NB,Harvey York Co,45.630612
NB,-67.012825,CA,E6K 2J8,New Brunswick,NB,Harvey York Co,45.630886
NB,-67.065315,CA,E6K 2J9,New Brunswick,NB,Harvey York Co,45.802723
NB,-67.065315,CA,E6K 2K3,New Brunswick,NB,Harvey York Co,45.802726
NB,-67.065315,CA,E6K 2K4,New Brunswick,NB,Yoho,45.802727
NB,-67.065315,CA,E6K 2K5,New Brunswick,NB,Harvey York Co,45.802728
NB,-67.065315,CA,E6K 2K6,New Brunswick,NB,Harvey York Co,45.802729
NB,-67.065315,CA,E6K 2K7,New Brunswick,NB,Harvey York Co,45.80273
NB,-67.065315,CA,E6K 2K8,New Brunswick,NB,Harvey York Co,45.802731
NB,-67.0151756,CA,E6K 2K9,New Brunswick,NB,Harvey York Co,45.6483121
NB,-67.0142919,CA,E6K 2L1,New Brunswick,NB,Harvey York Co,45.6565756
NB,-67.0151325,CA,E6K 2L2,New Brunswick,NB,Harvey York Co,45.6481914
NB,-67.0150606,CA,E6K 2L4,New Brunswick,NB,Harvey York Co,45.6479904
NB,-67.0145758,CA,E6K 2L5,New Brunswick,NB,Harvey York Co,45.6555636
NB,-67.0150287,CA,E6K 2L6,New Brunswick,NB,Harvey York Co,45.647901
NB,-67.065315,CA,E6K 2L7,New Brunswick,NB,Yoho,45.802732
NB,-67.0149488,CA,E6K 2L8,New Brunswick,NB,Harvey York Co,45.6476776
NB,-67.014732,CA,E6K 2L9,New Brunswick,NB,Harvey York Co,45.655007
NB,-67.0148385,CA,E6K 2M1,New Brunswick,NB,Harvey York Co,45.6546274
NB,-67.0147812,CA,E6K 2M2,New Brunswick,NB,Harvey York Co,45.6472085
NB,-67.0147237,CA,E6K 2M4,New Brunswick,NB,Harvey York Co,45.6470476
NB,-67.0153141,CA,E6K 2M6,New Brunswick,NB,Harvey York Co,45.6529323
NB,-67.0147149,CA,E6K 2M7,New Brunswick,NB,Harvey York Co,45.6470231
NB,-67.0146926,CA,E6K 2M8,New Brunswick,NB,Harvey York Co,45.6469605
NB,-67.0146399,CA,E6K 2M9,New Brunswick,NB,Harvey York Co,45.6468131
NB,-67.001699,CA,E6K 2N1,New Brunswick,NB,Harvey Station,45.728253
NB,-67.002775,CA,E6K 2N2,New Brunswick,NB,Harvey Station,45.728034
NB,-67.003354,CA,E6K 2N3,New Brunswick,NB,Harvey Station,45.729275
NB,-67.065315,CA,E6K 2N4,New Brunswick,NB,Harvey Station,45.802735
NB,-67.00088,CA,E6K 2N5,New Brunswick,NB,Harvey Station,45.725813
NB,-67.004677,CA,E6K 2N6,New Brunswick,NB,Harvey Station,45.728581
NB,-67.065315,CA,E6K 2N7,New Brunswick,NB,Harvey Station,45.802736
NB,-67.003149,CA,E6K 2N8,New Brunswick,NB,Harvey Station,45.729382
NB,-67.048837,CA,E6K 2N9,New Brunswick,NB,Harvey York Co,45.798764
NB,-67.065315,CA,E6K 2P1,New Brunswick,NB,Harvey Station,45.802739
NB,-67.002377,CA,E6K 2P2,New Brunswick,NB,Harvey Station,45.729788
NB,-66.995754,CA,E6K 2P3,New Brunswick,NB,Harvey Station,45.7292
NB,-66.998734,CA,E6K 2P4,New Brunswick,NB,Harvey Station,45.731139
NB,-66.993894,CA,E6K 2P5,New Brunswick,NB,Harvey Station,45.732554
NB,-66.986378,CA,E6K 2P6,New Brunswick,NB,Harvey York Co,45.736328
NB,-66.983075,CA,E6K 2P7,New Brunswick,NB,Harvey York Co,45.737591
NB,-66.977781,CA,E6K 2P8,New Brunswick,NB,Harvey York Co,45.739318
NB,-66.990483,CA,E6K 2P9,New Brunswick,NB,Harvey York Co,45.746795
NB,-66.97429,CA,E6K 2R1,New Brunswick,NB,Harvey York Co,45.740235
NB,-66.967034,CA,E6K 2R2,New Brunswick,NB,Harvey York Co,45.740711
NB,-66.96576,CA,E6K 2R3,New Brunswick,NB,Harvey York Co,45.740794
NB,-66.959022,CA,E6K 2R4,New Brunswick,NB,Harvey York Co,45.7412052
NB,-66.9606074,CA,E6K 2R5,New Brunswick,NB,Harvey York Co,45.7449689
NB,-66.94305,CA,E6K 2R6,New Brunswick,NB,Harvey York Co,45.758334
NB,-66.938394,CA,E6K 2R7,New Brunswick,NB,Harvey York Co,45.763842
NB,-66.942855,CA,E6K 2R8,New Brunswick,NB,Harvey York Co,45.758503
NB,-66.937539,CA,E6K 2R9,New Brunswick,NB,Harvey York Co,45.764939
NB,-66.93742,CA,E6K 2S1,New Brunswick,NB,Harvey York Co,45.765092
NB,-66.928853,CA,E6K 2S3,New Brunswick,NB,Harvey York Co,45.774969
NB,-66.934484,CA,E6K 2S4,New Brunswick,NB,Harvey York Co,45.768856
NB,-66.928827,CA,E6K 2S5,New Brunswick,NB,Harvey York Co,45.774996
NB,-66.9096662,CA,E6K 2S7,New Brunswick,NB,Smithfield,45.7895471
NB,-66.920546,CA,E6K 2S8,New Brunswick,NB,Smithfield,45.783445
NB,-66.9092249,CA,E6K 2S9,New Brunswick,NB,Smithfield,45.7893051
NB,-66.9129,CA,E6K 2T1,New Brunswick,NB,Smithfield,45.791487
NB,-66.914206,CA,E6K 2T2,New Brunswick,NB,Smithfield,45.790043
NB,-67.065315,CA,E6K 2T3,New Brunswick,NB,Smithfield,45.802747
NB,-67.065315,CA,E6K 2T4,New Brunswick,NB,Smithfield,45.802748
NB,-66.908752,CA,E6K 2T5,New Brunswick,NB,Smithfield,45.832843
NB,-66.908457,CA,E6K 2T6,New Brunswick,NB,Smithfield,45.832846
NB,-66.88691,CA,E6K 2T7,New Brunswick,NB,Smithfield,45.848624
NB,-66.88691,CA,E6K 2T7,New Brunswick,NB,New Market,45.848624
NB,-66.907998,CA,E6K 2T8,New Brunswick,NB,Smithfield,45.832716
NB,-67.032093,CA,E6K 2T9,New Brunswick,NB,Smithfield,45.622716
NB,-66.955687,CA,E6K 2V1,New Brunswick,NB,Smithfield,45.697623
NB,-66.82379,CA,E6K 2V2,New Brunswick,NB,Smithfield,45.818452
NB,-66.9125992,CA,E6K 2V3,New Brunswick,NB,Smithfield,45.7919456
NB,-66.9121851,CA,E6K 2V4,New Brunswick,NB,Smithfield,45.794357
NB,-67.065315,CA,E6K 2V5,New Brunswick,NB,New Market,45.802751
NB,-67.065315,CA,E6K 2V6,New Brunswick,NB,New Market,45.802752
NB,-66.955687,CA,E6K 2V7,New Brunswick,NB,New Market,45.697624
NB,-67.005252,CA,E6K 2V8,New Brunswick,NB,New Market,45.729257
NB,-67.198448,CA,E6K 2W1,New Brunswick,NB,New Market,45.686619
NB,-67.198448,CA,E6K 2W2,New Brunswick,NB,New Market,45.68662
NB,-67.198448,CA,E6K 2W3,New Brunswick,NB,New Market,45.686621
NB,-66.955687,CA,E6K 2W4,New Brunswick,NB,New Market,45.697625
NB,-67.198448,CA,E6K 2W5,New Brunswick,NB,New Market,45.686622
NB,-67.198448,CA,E6K 2W6,New Brunswick,NB,New Market,45.686623
NB,-67.198448,CA,E6K 2W8,New Brunswick,NB,New Market,45.686624
NB,-66.75085,CA,E6K 2W9,New Brunswick,NB,New Market,45.915489
NB,-66.9462716,CA,E6K 2X1,New Brunswick,NB,Harvey York Co,45.7422097
NB,-66.9453147,CA,E6K 2X2,New Brunswick,NB,Harvey York Co,45.742275
NB,-66.9395039,CA,E6K 2X3,New Brunswick,NB,Harvey York Co,45.7427062
NB,-66.9424086,CA,E6K 2X4,New Brunswick,NB,Harvey York Co,45.742473
NB,-66.929884,CA,E6K 2X5,New Brunswick,NB,Harvey York Co,45.740805
NB,-66.92869,CA,E6K 2X6,New Brunswick,NB,Harvey York Co,45.745755
NB,-66.9394099,CA,E6K 2X7,New Brunswick,NB,Harvey York Co,45.7427078
NB,-66.90078,CA,E6K 2X8,New Brunswick,NB,Harvey York Co,45.727013
NB,-66.92869,CA,E6K 2X9,New Brunswick,NB,Harvey York Co,45.745756
NB,-66.92869,CA,E6K 2Y1,New Brunswick,NB,Harvey York Co,45.745757
NB,-66.90078,CA,E6K 2Y2,New Brunswick,NB,Harvey York Co,45.727014
NB,-66.9277,CA,E6K 2Y3,New Brunswick,NB,Harvey York Co,45.756033
NL,-52.769389,CA,A1E 2N2,Newfoundland and Labrador,NL,St. John's,47.528533
NL,-52.764809,CA,A1E 2N3,Newfoundland and Labrador,NL,St. John's,47.528833
NL,-52.76417,CA,A1E 2N4,Newfoundland and Labrador,NL,St. John's,47.5292719
NL,-52.768827,CA,A1E 2N5,Newfoundland and Labrador,NL,St. John's,47.527913
NL,-52.76682,CA,A1E 2N6,Newfoundland and Labrador,NL,St. John's,47.528916
NL,-52.761953,CA,A1E 2N7,Newfoundland and Labrador,NL,St. John's,47.526071
NL,-52.76193,CA,A1E 2N8,Newfoundland and Labrador,NL,St. John's,47.525802
NL,-52.7626642,CA,A1E 2N9,Newfoundland and Labrador,NL,St. John's,47.5247771
NL,-52.7626966,CA,A1E 2P1,Newfoundland and Labrador,NL,St. John's,47.5247743
NL,-52.7631504,CA,A1E 2P2,Newfoundland and Labrador,NL,St. John's,47.5247342
NL,-52.7636691,CA,A1E 2P3,Newfoundland and Labrador,NL,St. John's,47.5246883
NL,-52.7645781,CA,A1E 2P4,Newfoundland and Labrador,NL,St. John's,47.5245415
NL,-52.7678652,CA,A1E 2P5,Newfoundland and Labrador,NL,St. John's,47.524976
NL,-52.767669,CA,A1E 2P6,Newfoundland and Labrador,NL,St. John's,47.524907
NL,-52.7643459,CA,A1E 2P7,Newfoundland and Labrador,NL,St. John's,47.5262
NL,-52.7640938,CA,A1E 2P8,Newfoundland and Labrador,NL,St. John's,47.526257
NL,-52.7124348,CA,A1E 2R1,Newfoundland and Labrador,NL,St. John's,47.557448
NL,-52.713002,CA,A1E 2R6,Newfoundland and Labrador,NL,St. John's,47.555926
NL,-52.713726,CA,A1E 2R8,Newfoundland and Labrador,NL,St. John's,47.555064
NL,-52.7168746,CA,A1E 2S1,Newfoundland and Labrador,NL,St. John's,47.5554856
NL,-52.717442,CA,A1E 2S2,Newfoundland and Labrador,NL,St. John's,47.555744
NL,-52.71794,CA,A1E 2S3,Newfoundland and Labrador,NL,St. John's,47.555872
NL,-52.7181702,CA,A1E 2S4,Newfoundland and Labrador,NL,St. John's,47.5561841
NL,-52.7192723,CA,A1E 2S5,Newfoundland and Labrador,NL,St. John's,47.55684
NL,-52.715581,CA,A1E 2S6,Newfoundland and Labrador,NL,St. John's,47.552779
NL,-52.7165133,CA,A1E 2S7,Newfoundland and Labrador,NL,St. John's,47.5536869
NL,-52.718898,CA,A1E 2S8,Newfoundland and Labrador,NL,St. John's,47.554614
NL,-52.719366,CA,A1E 2S9,Newfoundland and Labrador,NL,St. John's,47.555402
NL,-52.719043,CA,A1E 2T1,Newfoundland and Labrador,NL,St. John's,47.555169
NL,-52.7164936,CA,A1E 2T2,Newfoundland and Labrador,NL,St. John's,47.554836
NL,-52.7150464,CA,A1E 2T3,Newfoundland and Labrador,NL,St. John's,47.5539338
NL,-52.7164116,CA,A1E 2T4,Newfoundland and Labrador,NL,St. John's,47.5542194
NL,-52.716427,CA,A1E 2T5,Newfoundland and Labrador,NL,St. John's,47.552153
NL,-52.716086,CA,A1E 2T6,Newfoundland and Labrador,NL,St. John's,47.552237
NL,-52.71657,CA,A1E 2T7,Newfoundland and Labrador,NL,St. John's,47.552443
NL,-52.7171511,CA,A1E 2T8,Newfoundland and Labrador,NL,St. John's,47.5524446
NL,-52.7180972,CA,A1E 2T9,Newfoundland and Labrador,NL,St. John's,47.5504868
NL,-52.7182691,CA,A1E 2V1,Newfoundland and Labrador,NL,St. John's,47.5505575
NL,-52.720967,CA,A1E 2V2,Newfoundland and Labrador,NL,St. John's,47.550064
NL,-52.721594,CA,A1E 2V3,Newfoundland and Labrador,NL,St. John's,47.551043
NL,-52.721857,CA,A1E 2V4,Newfoundland and Labrador,NL,St. John's,47.551059
NL,-52.7195829,CA,A1E 2V5,Newfoundland and Labrador,NL,St. John's,47.5489892
NL,-52.7204249,CA,A1E 2V6,Newfoundland and Labrador,NL,St. John's,47.5492751
NL,-52.723152,CA,A1E 2V7,Newfoundland and Labrador,NL,St. John's,47.549712
NL,-52.723058,CA,A1E 2V8,Newfoundland and Labrador,NL,St. John's,47.549879
NL,-52.724141,CA,A1E 2V9,Newfoundland and Labrador,NL,St. John's,47.549977
NL,-52.725164,CA,A1E 2W1,Newfoundland and Labrador,NL,St. John's,47.550363
NL,-52.725981,CA,A1E 2W2,Newfoundland and Labrador,NL,St. John's,47.54859
NL,-52.72545,CA,A1E 2W3,Newfoundland and Labrador,NL,St. John's,47.548559
NL,-52.726495,CA,A1E 2W4,Newfoundland and Labrador,NL,St. John's,47.549134
NL,-52.72286,CA,A1E 2W5,Newfoundland and Labrador,NL,St. John's,47.546696
NL,-52.722783,CA,A1E 2W6,Newfoundland and Labrador,NL,St. John's,47.5464
NL,-52.727513,CA,A1E 2W7,Newfoundland and Labrador,NL,St. John's,47.546944
NL,-52.7282517,CA,A1E 2W8,Newfoundland and Labrador,NL,St. John's,47.5472149
NL,-52.734393,CA,A1E 2W9,Newfoundland and Labrador,NL,St. John's,47.541428
NL,-52.734853,CA,A1E 2X1,Newfoundland and Labrador,NL,St. John's,47.541391
NL,-52.723706,CA,A1E 2X2,Newfoundland and Labrador,NL,St. John's,47.543377
NL,-52.7263571,CA,A1E 2X3,Newfoundland and Labrador,NL,St. John's,47.5429842
NL,-52.7264188,CA,A1E 2X4,Newfoundland and Labrador,NL,St. John's,47.5430418
NL,-52.73536,CA,A1E 2X5,Newfoundland and Labrador,NL,St. John's,47.537045
NL,-52.7373169,CA,A1E 2X6,Newfoundland and Labrador,NL,St. John's,47.5370428
NL,-52.736407,CA,A1E 2X7,Newfoundland and Labrador,NL,St. John's,47.535355
NL,-52.7382959,CA,A1E 2X8,Newfoundland and Labrador,NL,St. John's,47.5359223
NL,-52.746184,CA,A1E 2X9,Newfoundland and Labrador,NL,St. John's,47.534435
NL,-52.754771,CA,A1E 2Y1,Newfoundland and Labrador,NL,St. John's,47.530773
NL,-52.754572,CA,A1E 2Y2,Newfoundland and Labrador,NL,St. John's,47.53089
NL,-52.7519374,CA,A1E 2Y3,Newfoundland and Labrador,NL,St. John's,47.5295637
NL,-52.724104,CA,A1E 2Y4,Newfoundland and Labrador,NL,St. John's,47.552218
NL,-52.7249783,CA,A1E 2Y5,Newfoundland and Labrador,NL,St. John's,47.5527006
NL,-52.7255597,CA,A1E 2Y6,Newfoundland and Labrador,NL,St. John's,47.5529505
NL,-52.725676,CA,A1E 2Y7,Newfoundland and Labrador,NL,St. John's,47.5530005
NL,-52.7260812,CA,A1E 2Y8,Newfoundland and Labrador,NL,St. John's,47.5529175
NL,-52.727835,CA,A1E 2Y9,Newfoundland and Labrador,NL,St. John's,47.552918
NL,-52.723261,CA,A1E 2Z1,Newfoundland and Labrador,NL,St. John's,47.554999
NL,-52.7227003,CA,A1E 2Z2,Newfoundland and Labrador,NL,St. John's,47.5550811
NL,-52.725978,CA,A1E 2Z3,Newfoundland and Labrador,NL,St. John's,47.55463
NL,-52.725029,CA,A1E 2Z4,Newfoundland and Labrador,NL,St. John's,47.5548154
NL,-52.73131,CA,A1E 2Z5,Newfoundland and Labrador,NL,St. John's,47.555017
NL,-52.726698,CA,A1E 2Z6,Newfoundland and Labrador,NL,St. John's,47.5546971
NL,-52.732903,CA,A1E 2Z7,Newfoundland and Labrador,NL,St. John's,47.55465
NL,-52.730763,CA,A1E 2Z8,Newfoundland and Labrador,NL,St. John's,47.555236
NL,-52.7341988,CA,A1E 2Z9,Newfoundland and Labrador,NL,St. John's,47.5542937
NL,-52.7297211,CA,A1E 3A1,Newfoundland and Labrador,NL,St. John's,47.5486924
NL,-52.7299528,CA,A1E 3A2,Newfoundland and Labrador,NL,St. John's,47.5491571
NL,-52.729335,CA,A1E 3A3,Newfoundland and Labrador,NL,St. John's,47.550163
NL,-52.7292433,CA,A1E 3A4,Newfoundland and Labrador,NL,St. John's,47.5507332
NL,-52.7309334,CA,A1E 3A5,Newfoundland and Labrador,NL,St. John's,47.5503928
NL,-52.730712,CA,A1E 3A6,Newfoundland and Labrador,NL,St. John's,47.5495944
NL,-52.733017,CA,A1E 3A7,Newfoundland and Labrador,NL,St. John's,47.555063
NL,-52.731929,CA,A1E 3A8,Newfoundland and Labrador,NL,St. John's,47.555276
NL,-52.734307,CA,A1E 3A9,Newfoundland and Labrador,NL,St. John's,47.556524
NL,-52.733994,CA,A1E 3B1,Newfoundland and Labrador,NL,St. John's,47.558051
NL,-52.734223,CA,A1E 3B2,Newfoundland and Labrador,NL,St. John's,47.557962
NL,-52.7344194,CA,A1E 3B3,Newfoundland and Labrador,NL,St. John's,47.5583575
NL,-52.7345226,CA,A1E 3B4,Newfoundland and Labrador,NL,St. John's,47.5584639
NL,-52.7295393,CA,A1E 3B5,Newfoundland and Labrador,NL,St. John's,47.552332
NL,-52.7298209,CA,A1E 3B6,Newfoundland and Labrador,NL,St. John's,47.5526863
NL,-52.7310991,CA,A1E 3B7,Newfoundland and Labrador,NL,St. John's,47.5542145
NL,-52.7315032,CA,A1E 3B8,Newfoundland and Labrador,NL,St. John's,47.5515539
NL,-52.7315267,CA,A1E 3B9,Newfoundland and Labrador,NL,St. John's,47.5515877
NS,-60.5443362,CA,B0C 0A1,Nova Scotia,NS,Dingwall,46.7082925
NS,-60.5443362,CA,B0C 0A2,Nova Scotia,NS,St Margaret Village,46.7082925
NS,-60.5443362,CA,B0C 0A3,Nova Scotia,NS,Neils Harbour,46.7082925
NS,-60.5443362,CA,B0C 0A4,Nova Scotia,NS,Englishtown,46.7082925
NS,-60.5443362,CA,B0C 0A5,Nova Scotia,NS,Ingonish,46.7082925
NS,-60.5443362,CA,B0C 0A6,Nova Scotia,NS,Ingonish Beach,46.7082925
NS,-60.395097,CA,B0C 1C0,Nova Scotia,NS,Cape North,46.907548
NS,-60.436072,CA,B0C 1E0,Nova Scotia,NS,Capstick,46.970308
NS,-60.471233,CA,B0C 1G0,Nova Scotia,NS,Dingwall,46.896896
NS,-60.539781,CA,B0C 1H0,Nova Scotia,NS,Englishtown,46.259496
NS,-60.396464,CA,B0C 1K0,Nova Scotia,NS,Ingonish,46.695635
NS,-60.507454,CA,B0C 1L0,Nova Scotia,NS,Ingonish Beach,46.613127
NS,-60.343878,CA,B0C 1N0,Nova Scotia,NS,Neils Harbour,46.762745
NS,-60.306677,CA,B0C 1P0,Nova Scotia,NS,New Haven,46.808812
NS,-60.436072,CA,B0C 1R0,Nova Scotia,NS,St Margaret Village,46.970309
NS,-60.851817,CA,B0E 0A1,Nova Scotia,NS,Louisdale,46.2486851
NS,-60.851817,CA,B0E 0A2,Nova Scotia,NS,Pleasant Bay,46.2486851
NS,-60.851817,CA,B0E 0A3,Nova Scotia,NS,Judique,46.2486851
NS,-60.851817,CA,B0E 0A4,Nova Scotia,NS,Port Hood,46.2486851
NS,-60.851817,CA,B0E 0A5,Nova Scotia,NS,West Bay,46.2486851
NS,-60.851817,CA,B0E 0A6,Nova Scotia,NS,Whycocomagh,46.2486851
NS,-60.851817,CA,B0E 0A7,Nova Scotia,NS,Mabou,46.2486851
NS,-61.0118425,CA,B0E 0A8,Nova Scotia,NS,Arichat,45.5137315
NS,-60.851817,CA,B0E 0A9,Nova Scotia,NS,Cleveland,46.2486851
NS,-60.851817,CA,B0E 0B1,Nova Scotia,NS,Lower L'Ardoise,46.2486851
NS,-60.851817,CA,B0E 0B2,Nova Scotia,NS,Inverness,46.2486851
NS,-60.851817,CA,B0E 0B3,Nova Scotia,NS,Wagmatcook,46.2486851
NS,-60.851817,CA,B0E 0B4,Nova Scotia,NS,Grand Etang,46.2486851
NS,-60.851817,CA,B0E 0B5,Nova Scotia,NS,St Peters,46.2486851
NS,-60.851817,CA,B0E 0B6,Nova Scotia,NS,Baddeck,46.2486851
NS,-60.851817,CA,B0E 0B7,Nova Scotia,NS,Cheticamp,46.2486851
NS,-61.081642,CA,B0E 0B8,Nova Scotia,NS,West Arichat,45.518365
NS,-61.0649,CA,B0E 0B9,Nova Scotia,NS,D'Escousse,45.6109694
NS,-60.851817,CA,B0E 0C1,Nova Scotia,NS,Margaree Forks,46.2486851
NS,-60.851817,CA,B0E 0C2,Nova Scotia,NS,West Bay Road,46.2486851
NS,-60.851817,CA,B0E 0C3,Nova Scotia,NS,River Denys,46.2486851
NS,-61.3917295,CA,B0E 0C4,Nova Scotia,NS,Mulgrave,45.6118539
NS,-60.956827,CA,B0E 0C5,Nova Scotia,NS,Petit De Grat,45.505668
NS,-60.851817,CA,B0E 0C6,Nova Scotia,NS,L'Ardoise,46.2486851
NS,-60.851817,CA,B0E 0C7,Nova Scotia,NS,River Bourgeois,46.2486851
NS,-61.087997,CA,B0E 0C8,Nova Scotia,NS,Margaree Centre,45.999919
NS,-61.087997,CA,B0E 0C9,Nova Scotia,NS,Margaree,45.999919
NS,-61.087997,CA,B0E 0E1,Nova Scotia,NS,Margaree Valley,45.999919
NS,-60.966046,CA,B0E 1A0,Nova Scotia,NS,Arichat,45.514793
NS,-61.299174,CA,B0E 1B0,Nova Scotia,NS,Baddeck,46.234036
NS,-61.09231,CA,B0E 1C0,Nova Scotia,NS,Belle Cote,46.440054
NS,-61.025641,CA,B0E 1H0,Nova Scotia,NS,Cheticamp,46.506849
NS,-61.14693,CA,B0E 1J0,Nova Scotia,NS,Cleveland,45.629385
NS,-61.010749,CA,B0E 1K0,Nova Scotia,NS,D'Escousse,45.53269
NS,-61.025641,CA,B0E 1L0,Nova Scotia,NS,Grand Etang,46.50685
NS,-60.700551,CA,B0E 1M0,Nova Scotia,NS,Grand River,45.539328
NS,-61.185472,CA,B0E 1N0,Nova Scotia,NS,Inverness,46.207819
NS,-61.529185,CA,B0E 1P0,Nova Scotia,NS,Judique,45.982043
NS,-60.767692,CA,B0E 1S0,Nova Scotia,NS,L'Ardoise,45.612265
NS,-60.983498,CA,B0E 1T0,Nova Scotia,NS,Little Narrows,45.974227
NS,-61.14693,CA,B0E 1V0,Nova Scotia,NS,Louisdale,45.629386
NS,-60.736738,CA,B0E 1W0,Nova Scotia,NS,Lower L'Ardoise,45.580256
NS,-61.2045,CA,B0E 1X0,Nova Scotia,NS,Mabou,46.060943
NS,-61.09231,CA,B0E 1Y0,Nova Scotia,NS,Margaree,46.440055
NS,-61.038534,CA,B0E 1Z0,Nova Scotia,NS,Margaree Centre,46.326145
NS,-61.176509,CA,B0E 2A0,Nova Scotia,NS,Margaree Forks,46.314662
NS,-61.1094017,CA,B0E 2B0,Nova Scotia,NS,Margaree Harbour,46.4364357
NS,-60.96432495,CA,B0E 2C0,Nova Scotia,NS,Margaree Valley,46.35052872
NS,-61.386797,CA,B0E 2G0,Nova Scotia,NS,Mulgrave,45.450336
NS,-61.092484,CA,B0E 2H0,Nova Scotia,NS,North East Margaree,46.444435
NS,-61.170629,CA,B0E 2K0,Nova Scotia,NS,Orangedale,45.707891
NS,-60.939875,CA,B0E 2L0,Nova Scotia,NS,Petit De Grat,45.446991
NS,-60.992644,CA,B0E 2M0,Nova Scotia,NS,Petit Etang,46.642589
NS,-60.81327,CA,B0E 2P0,Nova Scotia,NS,Pleasant Bay,46.68081
NS,-61.51936722,CA,B0E 2W0,Nova Scotia,NS,Port Hood,46.00980377
NS,-61.019888,CA,B0E 2X0,Nova Scotia,NS,River Bourgeois,45.655705
NS,-61.012528,CA,B0E 2Y0,Nova Scotia,NS,River Denys,45.804503
NS,-61.036834,CA,B0E 3A0,Nova Scotia,NS,St-Joseph-Du-Moine,46.505051
NS,-60.957559,CA,B0E 3B0,Nova Scotia,NS,St Peters,45.620463
NS,-60.939875,CA,B0E 3C0,Nova Scotia,NS,Sampson Cove,45.446993
NS,-61.189362,CA,B0E 3E0,Nova Scotia,NS,Scotsville,46.145952
NS,-61.12252,CA,B0E 3H0,Nova Scotia,NS,South West Margaree,46.174083
NS,-61.131547,CA,B0E 3J0,Nova Scotia,NS,West Arichat,45.53199
NS,-61.215996,CA,B0E 3K0,Nova Scotia,NS,West Bay,45.616866
NS,-61.45232,CA,B0E 3L0,Nova Scotia,NS,West Bay Road,45.690681
NS,-60.965235,CA,B0E 3M0,Nova Scotia,NS,Whycocomagh,46.081461
NS,-60.913243,CA,B0E 3N0,Nova Scotia,NS,Wagmatcook,46.073297
NS,-61.6176651,CA,B0H 0A1,Nova Scotia,NS,Isaacs Harbour,45.3044436
NS,-61.6176651,CA,B0H 0A2,Nova Scotia,NS,Canso,45.3044436
NS,-61.6176651,CA,B0H 0A3,Nova Scotia,NS,Aspen,45.3044436
NS,-61.6176651,CA,B0H 0A4,Nova Scotia,NS,Heatherton,45.3044436
NS,-61.6176651,CA,B0H 0A5,Nova Scotia,NS,Guysborough,45.3044436
NS,-61.6176651,CA,B0H 0A6,Nova Scotia,NS,Boylston,45.3044436
NS,-61.6176651,CA,B0H 0A7,Nova Scotia,NS,Larrys River,45.3044436
NS,-61.6176651,CA,B0H 0A8,Nova Scotia,NS,Havre Boucher,45.3044436
NS,-61.6176651,CA,B0H 0A9,Nova Scotia,NS,St Andrews,45.3044436
NS,-61.6176651,CA,B0H 0B1,Nova Scotia,NS,Cross Roads Country Harbour,45.3044436
NS,-61.580803,CA,B0H 0B2,Nova Scotia,NS,Little Dover,45.494957
NS,-61.744775,CA,B0H 1A0,Nova Scotia,NS,Afton Station,45.60221
NS,-62.026841,CA,B0H 1E0,Nova Scotia,NS,Aspen,45.193705
NS,-61.694007,CA,B0H 1G0,Nova Scotia,NS,Boylston,45.500348
NS,-60.985367,CA,B0H 1H0,Nova Scotia,NS,Canso,45.332859
NS,-61.738273,CA,B0H 1J0,Nova Scotia,NS,Cross Roads Country Harbour,45.250988
NS,-61.556598,CA,B0H 1K0,Nova Scotia,NS,Frankville,45.656226
NS,-61.64963,CA,B0H 1L0,Nova Scotia,NS,Goldboro,45.208785
NT,-135.00437,CA,X0E 0A0,Northwest Territory,NT,Aklavik,68.221032
NT,-133.0351563,CA,X0E 0A1,Northwest Territory,NT,Tuktoyaktuk,69.44732666
NT,-128.634021,CA,X0E 0A2,Northwest Territory,NT,Fort Good Hope,66.2556759
NT,-134.880755,CA,X0E 0A3,Northwest Territory,NT,Fort Mcpherson,67.436445
NT,-111.8849379,CA,X0E 0A4,Northwest Territory,NT,Fort Smith,60.00552
NT,-133.7230177,CA,X0E 0A5,Northwest Territory,NT,Inuvik,68.3607437
NT,-123.4227518,CA,X0E 0A6,Northwest Territory,NT,Deline,65.1888507
NT,-117.6606538,CA,X0E 0A7,Northwest Territory,NT,Fort Providence,61.3576238
NT,-113.673764,CA,X0E 0A8,Northwest Territory,NT,Fort Resolution,61.172054
NT,-115.7853653,CA,X0E 0A9,Northwest Territory,NT,Hay River,60.816218
NT,-133.746807,CA,X0E 0B0,Northwest Territory,NT,Tsiigehtchic,67.440227
NT,-121.3615265,CA,X0E 0B1,Northwest Territory,NT,Fort Simpson,61.86655045
NT,-133.7429147,CA,X0E 0B2,Northwest Territory,NT,Tsiigehtchic,67.4418167
NT,-125.5733163,CA,X0E 0B3,Northwest Territory,NT,Tulita,64.9034227
NT,-117.388092,CA,X0E 0B4,Northwest Territory,NT,Norman Wells,63.830248
NT,-117.388092,CA,X0E 0B5,Northwest Territory,NT,Ulukhaktok,63.830248
NT,-117.388092,CA,X0E 0B6,Northwest Territory,NT,Paulatuk,63.830248
NT,-117.388092,CA,X0E 0B7,Northwest Territory,NT,Colville Lake,63.830248
NT,-117.388092,CA,X0E 0B8,Northwest Territory,NT,Aklavik,63.830248
NT,-117.388092,CA,X0E 0B9,Northwest Territory,NT,Behchoko,63.830248
NT,-123.419779,CA,X0E 0G0,Northwest Territory,NT,Deline,65.185509
NT,-128.636169,CA,X0E 0H0,Northwest Territory,NT,Fort Good Hope,66.25609
NT,-134.866502,CA,X0E 0J0,Northwest Territory,NT,Fort Mcpherson,67.432219
NT,-125.461448,CA,X0E 0K0,Northwest Territory,NT,Tulita,64.915502
NT,-117.644001,CA,X0E 0L0,Northwest Territory,NT,Fort Providence,61.351716
NT,-113.66459,CA,X0E 0M0,Northwest Territory,NT,Fort Resolution,61.170126
NT,-121.3594,CA,X0E 0N0,Northwest Territory,NT,Fort Simpson,61.864099
NT,-111.879562,CA,X0E 0P0,Northwest Territory,NT,Fort Smith,60.000149
NT,-115.792592,CA,X0E 0R0,Northwest Territory,NT,Hay River,60.810755
NT,-116.139932,CA,X0E 0R1,Northwest Territory,NT,Enterprise,60.556992
NT,-115.803409,CA,X0E 0R2,Northwest Territory,NT,Hay River,60.795118
NT,-115.7916894,CA,X0E 0R3,Northwest Territory,NT,Hay River,60.8030974
NT,-115.982194,CA,X0E 0R4,Northwest Territory,NT,Hay River,60.647486
NT,-115.784803,CA,X0E 0R5,Northwest Territory,NT,Hay River,60.821411
NT,-115.804884,CA,X0E 0R6,Northwest Territory,NT,Hay River,60.809292
NT,-115.7747688,CA,X0E 0R7,Northwest Territory,NT,Hay River,60.8187828
NT,-115.7778869,CA,X0E 0R8,Northwest Territory,NT,Hay River,60.8143937
NT,-115.736569,CA,X0E 0R9,Northwest Territory,NT,Hay River,60.850555
NT,-117.779364,CA,X0E 0S0,Northwest Territory,NT,Ulukhaktok,70.735854
NT,-133.747108,CA,X0E 0T0,Northwest Territory,NT,Inuvik,68.37389
NT,-126.705712,CA,X0E 0V0,Northwest Territory,NT,Norman Wells,65.305301
NT,-116.063757,CA,X0E 0Y0,Northwest Territory,NT,Behchoko,62.825373
NT,-133.737145,CA,X0E 0Z0,Northwest Territory,NT,Sachs Harbour,68.372277
NT,-110.741679,CA,X0E 1A0,Northwest Territory,NT,Lutselk'E,62.404293
NT,-133.03722,CA,X0E 1C0,Northwest Territory,NT,Tuktoyaktuk,69.443224
NT,-123.468663,CA,X0E 1E0,Northwest Territory,NT,Wrigley,63.230575
NT,-115.79337,CA,X0E 1G1,Northwest Territory,NT,Hay River,60.81016
NT,-115.791671,CA,X0E 1G2,Northwest Territory,NT,Hay River,60.812056
NT,-115.74206,CA,X0E 1G3,Northwest Territory,NT,Hay River,60.8050315
NT,-115.698383,CA,X0E 1G4,Northwest Territory,NT,Hay River,60.800835
NT,-115.779344,CA,X0E 1G5,Northwest Territory,NT,Hay River,60.81174
NT,-126.014477,CA,X0E 1L0,Northwest Territory,NT,Colville Lake,67.008292
NT,-123.996779,CA,X0E 1N0,Northwest Territory,NT,Paulatuk,69.333539
NT,-117.277034,CA,X0E 1P0,Northwest Territory,NT,Whati,63.144037
NT,-117.312207,CA,X0E 1R0,Northwest Territory,NT,Gameti,64.117855
NT,-114.205649,CA,X0E 1W0,Northwest Territory,NT,Wekweti,64.095045
NT,-121.13487,CA,X0E 1Z0,Northwest Territory,NT,Trout Lake,60.412993
NT,-123.462936,CA,X0G 0A0,Northwest Territory,NT,Fort Liard,60.235895
NT,-123.421662,CA,X0G 0A1,Northwest Territory,NT,Fort Liard,60.254365
NT,-114.41747,CA,X1A 0A1,Northwest Territory,NT,Yellowknife,62.440341
NT,-114.4537949,CA,X1A 0A2,Northwest Territory,NT,Yellowknife,62.4498231
NT,-114.3715245,CA,X1A 0A3,Northwest Territory,NT,Yellowknife,62.4494655
NT,-114.3715245,CA,X1A 0A4,Northwest Territory,NT,Yellowknife,62.4494655
NT,-114.3715245,CA,X1A 0A5,Northwest Territory,NT,Yellowknife,62.4494655
NT,-114.3715245,CA,X1A 0A6,Northwest Territory,NT,Yellowknife,62.4494655
NT,-114.3715245,CA,X1A 0A7,Northwest Territory,NT,Yellowknife,62.4494655
NT,-114.3715245,CA,X1A 0A8,Northwest Territory,NT,Yellowknife,62.4494655
NT,-114.3715245,CA,X1A 0A9,Northwest Territory,NT,Yellowknife,62.4494655
NT,-114.3715245,CA,X1A 0B1,Northwest Territory,NT,Yellowknife,62.4494655
NT,-114.3715245,CA,X1A 0B2,Northwest Territory,NT,Yellowknife,62.4494655
NT,-114.3715245,CA,X1A 0B3,Northwest Territory,NT,Yellowknife,62.4494655
NT,-114.3715245,CA,X1A 0B4,Northwest Territory,NT,Yellowknife,62.4494655
NT,-114.3715245,CA,X1A 0B5,Northwest Territory,NT,Yellowknife,62.4494655
NT,-114.3659869,CA,X1A 0B6,Northwest Territory,NT,Yellowknife,62.453543
NT,-114.3715245,CA,X1A 0B7,Northwest Territory,NT,Yellowknife,62.4494655
NT,-114.3715245,CA,X1A 0B8,Northwest Territory,NT,Yellowknife,62.4494655
NT,-114.3715245,CA,X1A 0B9,Northwest Territory,NT,Yellowknife,62.4494655
NT,-114.383734,CA,X1A 0C1,Northwest Territory,NT,Yellowknife,62.450827
NT,-114.383734,CA,X1A 0C2,Northwest Territory,NT,Yellowknife,62.450827
NT,-114.383734,CA,X1A 0C3,Northwest Territory,NT,Yellowknife,62.450827
NT,-114.3715245,CA,X1A 0C4,Northwest Territory,NT,Yellowknife,62.4494655
NT,-114.383734,CA,X1A 0C5,Northwest Territory,NT,Yellowknife,62.450827
NT,-114.383734,CA,X1A 0C6,Northwest Territory,NT,Yellowknife,62.450827
NT,-114.383734,CA,X1A 0C7,Northwest Territory,NT,Yellowknife,62.450827
NT,-114.383734,CA,X1A 0C9,Northwest Territory,NT,Yellowknife,62.450827
NT,-114.383734,CA,X1A 0E1,Northwest Territory,NT,Yellowknife,62.450827
NT,-114.370605,CA,X1A 0E2,Northwest Territory,NT,Yellowknife,62.449145
NT,-114.370605,CA,X1A 0E3,Northwest Territory,NT,Yellowknife,62.449145
NT,-114.3712533,CA,X1A 0E4,Northwest Territory,NT,Yellowknife,62.4515535
NT,-114.4176008,CA,X1A 0E5,Northwest Territory,NT,Yellowknife,62.4529394
NT,-114.375124,CA,X1A 0E6,Northwest Territory,NT,Yellowknife,62.454471
NT,-114.427324,CA,X1A 0E7,Northwest Territory,NT,Yellowknife,62.434508
NT,-114.375124,CA,X1A 0E8,Northwest Territory,NT,Yellowknife,62.454471
NT,-114.429094,CA,X1A 0E9,Northwest Territory,NT,Yellowknife,62.429204
NT,-114.421147,CA,X1A 0G1,Northwest Territory,NT,Yellowknife,62.434
NT,-114.373789,CA,X1A 0G2,Northwest Territory,NT,Yellowknife,62.462645
NT,-114.418942,CA,X1A 0G3,Northwest Territory,NT,Yellowknife,62.423492
NT,-114.413392,CA,X1A 0G4,Northwest Territory,NT,Yellowknife,62.428363
NT,-114.410629,CA,X1A 0G5,Northwest Territory,NT,Yellowknife,62.431511
NT,-114.421147,CA,X1A 0G6,Northwest Territory,NT,Yellowknife,62.434
ON,-75.691491,CA,K6V 3Y3,Ontario,ON,Brockville,44.587663
ON,-75.692873,CA,K6V 3Y4,Ontario,ON,Brockville,44.586961
ON,-75.694938,CA,K6V 3Y5,Ontario,ON,Brockville,44.585902
ON,-75.695763,CA,K6V 3Y6,Ontario,ON,Brockville,44.585481
ON,-75.695424,CA,K6V 3Y7,Ontario,ON,Brockville,44.585651
ON,-75.6997565,CA,K6V 3Y8,Ontario,ON,Brockville,44.5834805
ON,-75.700655,CA,K6V 3Y9,Ontario,ON,Brockville,44.583181
ON,-75.7014162,CA,K6V 3Z1,Ontario,ON,Brockville,44.5829471
ON,-75.7016577,CA,K6V 3Z2,Ontario,ON,Brockville,44.5828283
ON,-75.685307,CA,K6V 3Z3,Ontario,ON,Brockville,44.592133
ON,-75.685261,CA,K6V 3Z4,Ontario,ON,Brockville,44.592162
ON,-75.685672,CA,K6V 3Z5,Ontario,ON,Brockville,44.591906
ON,-75.6860432,CA,K6V 3Z6,Ontario,ON,Brockville,44.591687
ON,-75.687454,CA,K6V 3Z7,Ontario,ON,Brockville,44.590913
ON,-75.6869228,CA,K6V 3Z8,Ontario,ON,Brockville,44.5912153
ON,-75.688208,CA,K6V 3Z9,Ontario,ON,Brockville,44.59049
ON,-75.688213,CA,K6V 4A1,Ontario,ON,Brockville,44.590486
ON,-75.6892228,CA,K6V 4A2,Ontario,ON,Brockville,44.5899105
ON,-75.690507,CA,K6V 4A3,Ontario,ON,Brockville,44.58921
ON,-75.691388,CA,K6V 4A4,Ontario,ON,Brockville,44.589093
ON,-75.6933335,CA,K6V 4A5,Ontario,ON,Brockville,44.5880995
ON,-75.693123,CA,K6V 4A6,Ontario,ON,Brockville,44.58822
ON,-75.695488,CA,K6V 4A7,Ontario,ON,Brockville,44.587
ON,-75.695785,CA,K6V 4A8,Ontario,ON,Brockville,44.5868505
ON,-75.696334,CA,K6V 4A9,Ontario,ON,Brockville,44.586575
ON,-75.696869,CA,K6V 4B1,Ontario,ON,Brockville,44.586304
ON,-75.700189,CA,K6V 4B2,Ontario,ON,Brockville,44.584599
ON,-75.6859625,CA,K6V 4B3,Ontario,ON,Brockville,44.593201
ON,-75.686629,CA,K6V 4B4,Ontario,ON,Brockville,44.592817
ON,-75.68716,CA,K6V 4B5,Ontario,ON,Brockville,44.592511
ON,-75.6869776,CA,K6V 4B6,Ontario,ON,Brockville,44.5926144
ON,-75.6879445,CA,K6V 4B7,Ontario,ON,Brockville,44.5920782
ON,-75.6880526,CA,K6V 4B8,Ontario,ON,Brockville,44.5919997
ON,-75.6886458,CA,K6V 4B9,Ontario,ON,Brockville,44.5916547
ON,-75.689552,CA,K6V 4C1,Ontario,ON,Brockville,44.5911685
ON,-75.6904665,CA,K6V 4C2,Ontario,ON,Brockville,44.590649
ON,-75.690162,CA,K6V 4C3,Ontario,ON,Brockville,44.590822
ON,-75.691041,CA,K6V 4C4,Ontario,ON,Brockville,44.59033
ON,-75.691016,CA,K6V 4C5,Ontario,ON,Brockville,44.590344
ON,-75.691881,CA,K6V 4C6,Ontario,ON,Brockville,44.5898722
ON,-75.691958,CA,K6V 4C7,Ontario,ON,Brockville,44.589829
ON,-75.693743,CA,K6V 4C8,Ontario,ON,Brockville,44.588876
ON,-75.6947855,CA,K6V 4C9,Ontario,ON,Brockville,44.58835
ON,-75.696081,CA,K6V 4E1,Ontario,ON,Brockville,44.587696
ON,-75.699452,CA,K6V 4E2,Ontario,ON,Brockville,44.586183
ON,-75.699446,CA,K6V 4E3,Ontario,ON,Brockville,44.586049
ON,-75.7022835,CA,K6V 4E4,Ontario,ON,Brockville,44.5847435
ON,-75.70092,CA,K6V 4E5,Ontario,ON,Brockville,44.585318
ON,-75.687153,CA,K6V 4E6,Ontario,ON,Brockville,44.593735
ON,-75.6879288,CA,K6V 4E7,Ontario,ON,Brockville,44.5933569
ON,-75.6887734,CA,K6V 4E8,Ontario,ON,Brockville,44.5928738
ON,-75.689099,CA,K6V 4E9,Ontario,ON,Brockville,44.592682
ON,-75.69004,CA,K6V 4G1,Ontario,ON,Brockville,44.592135
ON,-75.69041,CA,K6V 4G2,Ontario,ON,Brockville,44.591929
ON,-75.691348,CA,K6V 4G3,Ontario,ON,Brockville,44.591408
ON,-75.6953675,CA,K6V 4G4,Ontario,ON,Brockville,44.589342
ON,-75.6926703,CA,K6V 4G5,Ontario,ON,Brockville,44.5906894
ON,-75.6944045,CA,K6V 4G6,Ontario,ON,Brockville,44.5897066
ON,-75.6999005,CA,K6V 4G7,Ontario,ON,Brockville,44.5870565
ON,-75.69831,CA,K6V 4G8,Ontario,ON,Brockville,44.587871
ON,-75.70172,CA,K6V 4G9,Ontario,ON,Brockville,44.586108
ON,-75.693995,CA,K6V 4H1,Ontario,ON,Brockville,44.59081
ON,-75.693174,CA,K6V 4H2,Ontario,ON,Brockville,44.591319
ON,-75.6934571,CA,K6V 4H3,Ontario,ON,Brockville,44.5919956
ON,-75.6890057,CA,K6V 4H4,Ontario,ON,Brockville,44.5950743
ON,-75.689178,CA,K6V 4H5,Ontario,ON,Brockville,44.594984
ON,-75.692476,CA,K6V 4H6,Ontario,ON,Brockville,44.593124
ON,-75.690944,CA,K6V 4H7,Ontario,ON,Brockville,44.593968
ON,-75.689085,CA,K6V 4H8,Ontario,ON,Brockville,44.595955
ON,-75.690463,CA,K6V 4H9,Ontario,ON,Brockville,44.595226
ON,-75.689072,CA,K6V 4J1,Ontario,ON,Brockville,44.598215
ON,-75.688163,CA,K6V 4J2,Ontario,ON,Brockville,44.598632
ON,-75.689648,CA,K6V 4J3,Ontario,ON,Brockville,44.59764
ON,-75.689803,CA,K6V 4J4,Ontario,ON,Brockville,44.597518
ON,-75.690469,CA,K6V 4J5,Ontario,ON,Brockville,44.596995
ON,-75.69137,CA,K6V 4J6,Ontario,ON,Brockville,44.596457
ON,-75.692241,CA,K6V 4J7,Ontario,ON,Brockville,44.595699
ON,-75.6933335,CA,K6V 4J8,Ontario,ON,Brockville,44.59463
ON,-75.6933876,CA,K6V 4J9,Ontario,ON,Brockville,44.5949896
ON,-75.693761,CA,K6V 4K1,Ontario,ON,Brockville,44.594316
ON,-75.694695,CA,K6V 4K2,Ontario,ON,Brockville,44.593438
ON,-75.694707,CA,K6V 4K3,Ontario,ON,Brockville,44.593431
ON,-75.696006,CA,K6V 4K4,Ontario,ON,Brockville,44.592647
ON,-75.696314,CA,K6V 4K5,Ontario,ON,Brockville,44.592457
ON,-75.696898,CA,K6V 4K6,Ontario,ON,Brockville,44.592089
ON,-75.698524,CA,K6V 4K7,Ontario,ON,Brockville,44.59108
ON,-75.695705,CA,K6V 4K8,Ontario,ON,Brockville,44.593686
ON,-75.6956166,CA,K6V 4K9,Ontario,ON,Brockville,44.5936873
ON,-75.696966,CA,K6V 4L1,Ontario,ON,Brockville,44.592933
ON,-75.6972668,CA,K6V 4L2,Ontario,ON,Brockville,44.5927499
ON,-75.698353,CA,K6V 4L3,Ontario,ON,Brockville,44.592079
ON,-75.695884,CA,K6V 4L4,Ontario,ON,Brockville,44.594549
ON,-75.6966436,CA,K6V 4L5,Ontario,ON,Brockville,44.5940651
ON,-75.697588,CA,K6V 4L6,Ontario,ON,Brockville,44.59346
ON,-75.697583,CA,K6V 4L7,Ontario,ON,Brockville,44.593464
ON,-75.696054,CA,K6V 4L8,Ontario,ON,Brockville,44.595203
ON,-75.6964287,CA,K6V 4L9,Ontario,ON,Brockville,44.5949713
ON,-75.698882,CA,K6V 4M1,Ontario,ON,Brockville,44.5934505
ON,-75.698507,CA,K6V 4M2,Ontario,ON,Brockville,44.593701
ON,-75.694659,CA,K6V 4M3,Ontario,ON,Brockville,44.596931
PE,-62.7624882,CA,C0A 0A1,Prince Edward Island,PE,Crapaud,46.3035314
PE,-62.7624882,CA,C0A 0A2,Prince Edward Island,PE,Mount Stewart,46.3035314
PE,-62.7624882,CA,C0A 0A3,Prince Edward Island,PE,Bonshaw,46.3035314
PE,-62.7624882,CA,C0A 0A4,Prince Edward Island,PE,Hunter River,46.3035314
PE,-62.7624882,CA,C0A 0A5,Prince Edward Island,PE,Montague,46.3035314
PE,-62.7624882,CA,C0A 0A6,Prince Edward Island,PE,Morell,46.3035314
PE,-62.7624882,CA,C0A 0A7,Prince Edward Island,PE,North Rustico,46.3035314
PE,-62.7624882,CA,C0A 0A8,Prince Edward Island,PE,Souris,46.3035314
PE,-62.7624882,CA,C0A 0A9,Prince Edward Island,PE,Vernon Bridge,46.3035314
PE,-62.7624882,CA,C0A 0B1,Prince Edward Island,PE,Belle River,46.3035314
PE,-62.7624882,CA,C0A 0B2,Prince Edward Island,PE,Murray Harbour,46.3035314
PE,-62.7624882,CA,C0A 0B3,Prince Edward Island,PE,Georgetown,46.3035314
PE,-62.7624882,CA,C0A 0B4,Prince Edward Island,PE,St-Peters Bay,46.3035314
PE,-62.7624882,CA,C0A 0B5,Prince Edward Island,PE,Cornwall,46.3035314
PE,-62.7624882,CA,C0A 0B6,Prince Edward Island,PE,Belfast,46.3035314
PE,-62.7624882,CA,C0A 0B7,Prince Edward Island,PE,Cardigan,46.3035314
PE,-62.7624882,CA,C0A 0B8,Prince Edward Island,PE,Murray River,46.3035314
PE,-62.7624882,CA,C0A 0B9,Prince Edward Island,PE,Green Gables,46.3035314
PE,-62.7624882,CA,C0A 0C1,Prince Edward Island,PE,York,46.3035314
PE,-62.86322,CA,C0A 0C2,Prince Edward Island,PE,North Wiltshire,46.251313
PE,-63.2169911,CA,C0A 0C3,Prince Edward Island,PE,Cornwall,46.2294978
PE,-62.810501,CA,C0A 1A0,Prince Edward Island,PE,Belfast,46.049674
PE,-62.83735657,CA,C0A 1B0,Prince Edward Island,PE,Belle River,45.97916031
PE,-63.350087,CA,C0A 1C0,Prince Edward Island,PE,Bonshaw,46.194323
PE,-63.492215,CA,C0A 1E0,Prince Edward Island,PE,Breadalbane,46.425984
PE,-62.6332767,CA,C0A 1G0,Prince Edward Island,PE,Cardigan,46.23224
PE,-63.20617,CA,C0A 1H0,Prince Edward Island,PE,Cornwall,46.239024
PE,-63.228876,CA,C0A 1H1,Prince Edward Island,PE,Long Creek,46.210462
PE,-63.228876,CA,C0A 1H1,Prince Edward Island,PE,St Catherines,46.210462
PE,-63.228876,CA,C0A 1H1,Prince Edward Island,PE,Canoe Cove,46.210462
PE,-63.228876,CA,C0A 1H1,Prince Edward Island,PE,Meadowbank,46.210462
PE,-63.228876,CA,C0A 1H1,Prince Edward Island,PE,Clyde River,46.210462
PE,-63.165273,CA,C0A 1H2,Prince Edward Island,PE,Rocky Point,46.193386
PE,-63.165273,CA,C0A 1H2,Prince Edward Island,PE,Nine Mile Creek,46.193386
PE,-63.165273,CA,C0A 1H2,Prince Edward Island,PE,Fairview,46.193386
PE,-63.165273,CA,C0A 1H2,Prince Edward Island,PE,Cumberland,46.193386
PE,-63.254743,CA,C0A 1H3,Prince Edward Island,PE,New Haven,46.234616
PE,-63.254743,CA,C0A 1H3,Prince Edward Island,PE,Kingston,46.234616
PE,-63.254743,CA,C0A 1H3,Prince Edward Island,PE,Cornwall,46.234616
PE,-63.254743,CA,C0A 1H3,Prince Edward Island,PE,Elmwood,46.234616
PE,-63.254743,CA,C0A 1H3,Prince Edward Island,PE,Clyde River,46.234616
PE,-63.197265,CA,C0A 1H4,Prince Edward Island,PE,Cornwall,46.22941
PE,-63.193038,CA,C0A 1H5,Prince Edward Island,PE,Cornwall,46.262182
PE,-63.193038,CA,C0A 1H5,Prince Edward Island,PE,Warren Grove,46.262182
PE,-63.230401,CA,C0A 1H6,Prince Edward Island,PE,Meadowbank,46.173458
PE,-63.230401,CA,C0A 1H6,Prince Edward Island,PE,Rice Point,46.173458
PE,-63.230401,CA,C0A 1H6,Prince Edward Island,PE,Nine Mile Creek,46.173458
PE,-63.230401,CA,C0A 1H6,Prince Edward Island,PE,New Dominion,46.173458
PE,-63.230401,CA,C0A 1H6,Prince Edward Island,PE,Long Creek,46.173458
PE,-63.317513,CA,C0A 1H7,Prince Edward Island,PE,Canoe Cove,46.166826
PE,-63.317513,CA,C0A 1H7,Prince Edward Island,PE,Long Creek,46.166826
PE,-63.317513,CA,C0A 1H7,Prince Edward Island,PE,Argyle Shore,46.166826
PE,-63.317513,CA,C0A 1H7,Prince Edward Island,PE,New Argyle,46.166826
PE,-63.189521,CA,C0A 1H8,Prince Edward Island,PE,Cornwall,46.251492
PE,-63.243523,CA,C0A 1H9,Prince Edward Island,PE,Cornwall,46.262743
PE,-63.243523,CA,C0A 1H9,Prince Edward Island,PE,Kingston,46.262743
PE,-63.243523,CA,C0A 1H9,Prince Edward Island,PE,Warren Grove,46.262743
PE,-63.50021,CA,C0A 1J0,Prince Edward Island,PE,Crapaud,46.24001
PE,-62.123169,CA,C0A 1K0,Prince Edward Island,PE,Elmira,46.449397
PE,-62.522954,CA,C0A 1L0,Prince Edward Island,PE,Georgetown,46.185653
PE,-63.337664,CA,C0A 1M0,Prince Edward Island,PE,Green Gables,46.479511
PE,-63.338722,CA,C0A 1N0,Prince Edward Island,PE,Hunter River,46.401847
PE,-63.338722,CA,C0A 1N0,Prince Edward Island,PE,North Rustico,46.401847
PE,-63.338722,CA,C0A 1N0,Prince Edward Island,PE,New Glasgow,46.401847
PE,-63.074183,CA,C0A 1P0,Prince Edward Island,PE,York,46.416154
PE,-62.64674,CA,C0A 1R0,Prince Edward Island,PE,Montague,46.1637
PE,-62.72528839,CA,C0A 1S0,Prince Edward Island,PE,Morell,46.39453125
PE,-62.87164688,CA,C0A 1T0,Prince Edward Island,PE,Mount Stewart,46.33963013
PE,-62.519557,CA,C0A 1V0,Prince Edward Island,PE,Murray Harbour,46.002798
PE,-62.60927,CA,C0A 1W0,Prince Edward Island,PE,Murray River,46.01263
PE,-63.351456,CA,C0A 1X0,Prince Edward Island,PE,North Rustico,46.481013
PE,-63.266232,CA,C0A 1Y0,Prince Edward Island,PE,North Wiltshire,46.203797
PE,-62.855839,CA,C0A 1Z0,Prince Edward Island,PE,Pownal,46.233866
PE,-62.857714,CA,C0A 2A0,Prince Edward Island,PE,St-Peters Bay,46.131895
PE,-62.25215,CA,C0A 2B0,Prince Edward Island,PE,Souris,46.354047
PE,-62.884,CA,C0A 2E0,Prince Edward Island,PE,Vernon Bridge,46.179
PE,-63.489633,CA,C0A 2G0,Prince Edward Island,PE,Victoria,46.214371
PE,-62.86322,CA,C0A 3H0,Prince Edward Island,PE,Cornwall,46.251313
PE,-63.9924808,CA,C0B 0A1,Prince Edward Island,PE,Coleman,46.5289031
PE,-63.9924808,CA,C0B 0A2,Prince Edward Island,PE,Ellerslie,46.5289031
PE,-63.9924808,CA,C0B 0A3,Prince Edward Island,PE,Kensington,46.5289031
PE,-63.9924808,CA,C0B 0A4,Prince Edward Island,PE,Tyne Valley,46.5289031
PE,-63.9924808,CA,C0B 0A5,Prince Edward Island,PE,O'Leary,46.5289031
PE,-63.9924808,CA,C0B 0A6,Prince Edward Island,PE,Kinkora,46.5289031
PE,-63.9924808,CA,C0B 0A7,Prince Edward Island,PE,Wellington Station,46.5289031
PE,-63.9924808,CA,C0B 0A8,Prince Edward Island,PE,Bloomfield Station,46.5289031
PE,-63.9924808,CA,C0B 0A9,Prince Edward Island,PE,Tignish,46.5289031
PE,-63.9924808,CA,C0B 0B1,Prince Edward Island,PE,Slemon Park,46.5289031
PE,-63.9924808,CA,C0B 0B2,Prince Edward Island,PE,Richmond,46.5289031
PE,-63.9924808,CA,C0B 0B3,Prince Edward Island,PE,Alberton,46.5289031
PE,-63.9924808,CA,C0B 0B4,Prince Edward Island,PE,Miscouche,46.5289031
PE,-63.9924808,CA,C0B 0B5,Prince Edward Island,PE,Albany,46.5289031
PE,-63.9924808,CA,C0B 0B6,Prince Edward Island,PE,Borden-Carleton,46.5289031
PE,-63.9924808,CA,C0B 0B7,Prince Edward Island,PE,St-Louis,46.5289031
PE,-63.9924808,CA,C0B 0B8,Prince Edward Island,PE,Elmsdale,46.5289031
PE,-63.880634,CA,C0B 0B9,Prince Edward Island,PE,Bedeque,46.519884
PE,-63.6373511,CA,C0B 0C1,Prince Edward Island,PE,Kensington,46.4368934
PE,-63.558561,CA,C0B 1A0,Prince Edward Island,PE,Albany,46.318197
PE,-64.113384,CA,C0B 1B0,Prince Edward Island,PE,Alberton,46.837425
PE,-63.71367,CA,C0B 1C0,Prince Edward Island,PE,Bedeque,46.33765
QC,-72.5598316,CA,G8V 2S1,Quebec,QC,Trois-Rivieres,46.3974666
QC,-72.5593595,CA,G8V 2S2,Quebec,QC,Trois-Rivieres,46.3978197
QC,-72.594954,CA,G8V 2S3,Quebec,QC,Trois-Rivieres,46.405282
QC,-72.51571,CA,G8V 2S4,Quebec,QC,Trois-Rivieres,46.375851
QC,-72.486475,CA,G8V 2S5,Quebec,QC,Trois-Rivieres,46.386086
QC,-72.560603,CA,G8V 2S6,Quebec,QC,Trois-Rivieres,46.400462
QC,-72.542679,CA,G8V 2S7,Quebec,QC,Trois-Rivieres,46.400465
QC,-72.49793,CA,G8V 2S8,Quebec,QC,Trois-Rivieres,46.382275
QC,-72.560603,CA,G8V 2T1,Quebec,QC,Trois-Rivieres,46.400464
QC,-72.560603,CA,G8V 2T3,Quebec,QC,Trois-Rivieres,46.400466
QC,-72.594954,CA,G8V 2T4,Quebec,QC,Trois-Rivieres,46.405283
QC,-72.557108,CA,G8V 2T5,Quebec,QC,Trois-Rivieres,46.379951
QC,-72.557108,CA,G8V 2T6,Quebec,QC,Trois-Rivieres,46.379952
QC,-72.49858,CA,G8V 2T7,Quebec,QC,Trois-Rivieres,46.379417
QC,-72.5264383,CA,G8V 2T8,Quebec,QC,Trois-Rivieres,46.4143637
QC,-72.560603,CA,G8V 2T9,Quebec,QC,Trois-Rivieres,46.400467
QC,-72.542679,CA,G8V 2V1,Quebec,QC,Trois-Rivieres,46.400466
QC,-72.542679,CA,G8V 2V2,Quebec,QC,Trois-Rivieres,46.400467
QC,-72.560603,CA,G8V 2V3,Quebec,QC,Trois-Rivieres,46.400468
QC,-72.560603,CA,G8V 2V4,Quebec,QC,Trois-Rivieres,46.400469
QC,-72.545353,CA,G8V 2V5,Quebec,QC,Trois-Rivieres,46.390129
QC,-72.618639,CA,G8V 2V6,Quebec,QC,Trois-Rivieres,46.360931
QC,-72.617585,CA,G8V 2V7,Quebec,QC,Trois-Rivieres,46.361112
QC,-72.581661,CA,G8V 2V8,Quebec,QC,Trois-Rivieres,46.379986
QC,-72.492128,CA,G8V 2V9,Quebec,QC,Trois-Rivieres,46.434424
QC,-72.530353,CA,G8V 2W1,Quebec,QC,Trois-Rivieres,46.419873
QC,-72.423864,CA,G8V 2W2,Quebec,QC,Trois-Rivieres,46.406894
QC,-72.595154,CA,G8V 2W3,Quebec,QC,Trois-Rivieres,46.405482
QC,-72.586868,CA,G8V 2W4,Quebec,QC,Trois-Rivieres,46.307201
QC,-72.542679,CA,G8V 2W5,Quebec,QC,Trois-Rivieres,46.400469
QC,-72.542679,CA,G8V 2W6,Quebec,QC,Trois-Rivieres,46.40047
QC,-72.492926,CA,G8V 2W7,Quebec,QC,Trois-Rivieres,46.404142
QC,-72.5224023,CA,G8V 2W8,Quebec,QC,Trois-Rivieres,46.358646
QC,-72.498605,CA,G8V 2W9,Quebec,QC,Trois-Rivieres,46.379442
QC,-72.500015,CA,G8V 2X2,Quebec,QC,Trois-Rivieres,46.3798565
QC,-72.595179,CA,G8V 2X3,Quebec,QC,Trois-Rivieres,46.405507
QC,-72.595479,CA,G8V 2X4,Quebec,QC,Trois-Rivieres,46.405807
QC,-72.492926,CA,G8V 2X5,Quebec,QC,Trois-Rivieres,46.404142
QC,-72.492926,CA,G8V 2X6,Quebec,QC,Trois-Rivieres,46.404142
QC,-72.492926,CA,G8V 2X7,Quebec,QC,Trois-Rivieres,46.404142
QC,-72.521413,CA,G8V 2X8,Quebec,QC,Trois-Rivieres,46.404406
QC,-72.542679,CA,G8V 2X9,Quebec,QC,Trois-Rivieres,46.400468
QC,-72.492926,CA,G8V 2Y1,Quebec,QC,Trois-Rivieres,46.404142
QC,-72.492926,CA,G8V 2Y2,Quebec,QC,Trois-Rivieres,46.404142
QC,-72.492926,CA,G8V 2Y3,Quebec,QC,Trois-Rivieres,46.404142
QC,-72.581661,CA,G8V 2Y4,Quebec,QC,Trois-Rivieres,46.379986
QC,-72.587766,CA,G8W 0A1,Quebec,QC,Trois-Rivieres,46.312976
QC,-72.614723,CA,G8W 0A2,Quebec,QC,Trois-Rivieres,46.361347
QC,-72.612335,CA,G8W 0A3,Quebec,QC,Trois-Rivieres,46.360595
QC,-72.595593,CA,G8W 0A4,Quebec,QC,Trois-Rivieres,46.392408
QC,-72.596131,CA,G8W 0A5,Quebec,QC,Trois-Rivieres,46.433213
QC,-72.596131,CA,G8W 0A6,Quebec,QC,Trois-Rivieres,46.433213
QC,-72.596131,CA,G8W 0A7,Quebec,QC,Trois-Rivieres,46.433213
QC,-72.596131,CA,G8W 0A8,Quebec,QC,Trois-Rivieres,46.433213
QC,-72.596131,CA,G8W 0A9,Quebec,QC,Trois-Rivieres,46.433213
QC,-72.596131,CA,G8W 0B1,Quebec,QC,Trois-Rivieres,46.433213
QC,-72.596131,CA,G8W 0B2,Quebec,QC,Trois-Rivieres,46.433213
QC,-72.6248884,CA,G8W 0B3,Quebec,QC,Trois-Rivieres,46.4196005
QC,-72.596131,CA,G8W 0B4,Quebec,QC,Trois-Rivieres,46.433213
QC,-72.596131,CA,G8W 0B5,Quebec,QC,Trois-Rivieres,46.433213
QC,-72.596131,CA,G8W 0B6,Quebec,QC,Trois-Rivieres,46.433213
QC,-72.596131,CA,G8W 0B7,Quebec,QC,Trois-Rivieres,46.433213
QC,-72.596131,CA,G8W 0B8,Quebec,QC,Trois-Rivieres,46.433213
QC,-72.596131,CA,G8W 0B9,Quebec,QC,Trois-Rivieres,46.433213
QC,-72.596131,CA,G8W 0C1,Quebec,QC,Trois-Rivieres,46.433213
QC,-72.596131,CA,G8W 0C2,Quebec,QC,Trois-Rivieres,46.433213
QC,-72.5695743,CA,G8W 0C3,Quebec,QC,Trois-Rivieres,46.3805674
QC,-72.5699499,CA,G8W 0C4,Quebec,QC,Trois-Rivieres,46.3803172
QC,-72.596131,CA,G8W 0C5,Quebec,QC,Trois-Rivieres,46.433213
QC,-72.596131,CA,G8W 0C6,Quebec,QC,Trois-Rivieres,46.433213
QC,-72.596131,CA,G8W 0C7,Quebec,QC,Trois-Rivieres,46.433213
QC,-72.596131,CA,G8W 0C8,Quebec,QC,Trois-Rivieres,46.433213
QC,-72.596131,CA,G8W 0C9,Quebec,QC,Trois-Rivieres,46.433213
QC,-72.596131,CA,G8W 0E1,Quebec,QC,Trois-Rivieres,46.433213
QC,-72.596131,CA,G8W 0E2,Quebec,QC,Trois-Rivieres,46.433213
QC,-72.596131,CA,G8W 0E3,Quebec,QC,Trois-Rivieres,46.433213
QC,-72.596131,CA,G8W 0E4,Quebec,QC,Trois-Rivieres,46.433213
QC,-72.596131,CA,G8W 0E5,Quebec,QC,Trois-Rivieres,46.433213
QC,-72.596131,CA,G8W 0E6,Quebec,QC,Trois-Rivieres,46.433213
QC,-72.624888,CA,G8W 0E7,Quebec,QC,Trois-Rivieres,46.4196
QC,-72.596131,CA,G8W 0E8,Quebec,QC,Trois-Rivieres,46.433213
QC,-72.596131,CA,G8W 0E9,Quebec,QC,Trois-Rivieres,46.433213
QC,-72.596131,CA,G8W 0G1,Quebec,QC,Trois-Rivieres,46.433213
QC,-72.596131,CA,G8W 0G2,Quebec,QC,Trois-Rivieres,46.433213
QC,-72.596131,CA,G8W 0G3,Quebec,QC,Trois-Rivieres,46.433213
QC,-72.6135873,CA,G8W 0G4,Quebec,QC,Trois-Rivieres,46.4376302
QC,-72.6135873,CA,G8W 0G5,Quebec,QC,Trois-Rivieres,46.4376302
QC,-72.6135873,CA,G8W 0G6,Quebec,QC,Trois-Rivieres,46.4376302
QC,-72.6135873,CA,G8W 0G7,Quebec,QC,Trois-Rivieres,46.4376302
QC,-72.6135873,CA,G8W 0G8,Quebec,QC,Trois-Rivieres,46.4376302
QC,-72.6135873,CA,G8W 0G9,Quebec,QC,Trois-Rivieres,46.4376302
QC,-72.6135873,CA,G8W 0H1,Quebec,QC,Trois-Rivieres,46.4376302
QC,-72.6135873,CA,G8W 0H2,Quebec,QC,Trois-Rivieres,46.4376302
QC,-72.6135873,CA,G8W 0H3,Quebec,QC,Trois-Rivieres,46.4376302
QC,-72.6135873,CA,G8W 0H4,Quebec,QC,Trois-Rivieres,46.4376302
QC,-72.6135873,CA,G8W 0H5,Quebec,QC,Trois-Rivieres,46.4376302
QC,-72.6135873,CA,G8W 0H6,Quebec,QC,Trois-Rivieres,46.4376302
QC,-72.6135873,CA,G8W 0H7,Quebec,QC,Trois-Rivieres,46.4376302
QC,-72.6135873,CA,G8W 0H8,Quebec,QC,Trois-Rivieres,46.4376302
QC,-72.6135873,CA,G8W 0H9,Quebec,QC,Trois-Rivieres,46.4376302
SK,-104.590789,CA,S4N 3S5,Saskatchewan,SK,Regina,50.445422
SK,-104.590797,CA,S4N 3S6,Saskatchewan,SK,Regina,50.443191
SK,-104.59079,CA,S4N 3S7,Saskatchewan,SK,Regina,50.443884
SK,-104.590922,CA,S4N 3S8,Saskatchewan,SK,Regina,50.442286
SK,-104.590805,CA,S4N 3S9,Saskatchewan,SK,Regina,50.442275
SK,-104.59066,CA,S4N 3T1,Saskatchewan,SK,Regina,50.440029
SK,-104.590797,CA,S4N 3T2,Saskatchewan,SK,Regina,50.440703
SK,-104.590922,CA,S4N 3T3,Saskatchewan,SK,Regina,50.439116
SK,-104.590797,CA,S4N 3T4,Saskatchewan,SK,Regina,50.439126
SK,-104.590943,CA,S4N 3T5,Saskatchewan,SK,Regina,50.436866
SK,-104.59066,CA,S4N 3T6,Saskatchewan,SK,Regina,50.436866
SK,-104.590797,CA,S4N 3T7,Saskatchewan,SK,Regina,50.435935
SK,-104.590797,CA,S4N 3T8,Saskatchewan,SK,Regina,50.4352505
SK,-104.592425,CA,S4N 3T9,Saskatchewan,SK,Regina,50.463777
SK,-104.592285,CA,S4N 3V1,Saskatchewan,SK,Regina,50.464498
SK,-104.592146,CA,S4N 3V2,Saskatchewan,SK,Regina,50.462113
SK,-104.592285,CA,S4N 3V3,Saskatchewan,SK,Regina,50.462781
SK,-104.592428,CA,S4N 3V4,Saskatchewan,SK,Regina,50.460544
SK,-104.592145,CA,S4N 3V5,Saskatchewan,SK,Regina,50.460544
SK,-104.592428,CA,S4N 3V6,Saskatchewan,SK,Regina,50.458988
SK,-104.592144,CA,S4N 3V7,Saskatchewan,SK,Regina,50.458988
SK,-104.592285,CA,S4N 3V8,Saskatchewan,SK,Regina,50.458103
SK,-104.5922851,CA,S4N 3V9,Saskatchewan,SK,Regina,50.4581832
SK,-104.5544944,CA,S4N 3W1,Saskatchewan,SK,Regina,50.4640002
SK,-104.5544944,CA,S4N 3W2,Saskatchewan,SK,Regina,50.4640002
SK,-104.5922118,CA,S4N 3W3,Saskatchewan,SK,Regina,50.450303
SK,-104.59207,CA,S4N 3W4,Saskatchewan,SK,Regina,50.449621
SK,-104.592209,CA,S4N 3W5,Saskatchewan,SK,Regina,50.448047
SK,-104.592209,CA,S4N 3W6,Saskatchewan,SK,Regina,50.448718
SK,-104.592342,CA,S4N 3W7,Saskatchewan,SK,Regina,50.446363
SK,-104.592201,CA,S4N 3W8,Saskatchewan,SK,Regina,50.447013
SK,-104.592193,CA,S4N 3W9,Saskatchewan,SK,Regina,50.445419
SK,-104.592193,CA,S4N 3X1,Saskatchewan,SK,Regina,50.444766
SK,-104.592193,CA,S4N 3X2,Saskatchewan,SK,Regina,50.443895
SK,-104.592195,CA,S4N 3X3,Saskatchewan,SK,Regina,50.442279
SK,-104.592195,CA,S4N 3X4,Saskatchewan,SK,Regina,50.442276
SK,-104.592209,CA,S4N 3X5,Saskatchewan,SK,Regina,50.440705
SK,-104.592209,CA,S4N 3X6,Saskatchewan,SK,Regina,50.43948
SK,-104.592211,CA,S4N 3X7,Saskatchewan,SK,Regina,50.439125
SK,-104.592217,CA,S4N 3X8,Saskatchewan,SK,Regina,50.438484
SK,-104.592364,CA,S4N 3X9,Saskatchewan,SK,Regina,50.436868
SK,-104.592224,CA,S4N 3Y1,Saskatchewan,SK,Regina,50.437529
SK,-104.5922226,CA,S4N 3Y2,Saskatchewan,SK,Regina,50.4360409
SK,-104.592225,CA,S4N 3Y3,Saskatchewan,SK,Regina,50.43593
SK,-104.593695,CA,S4N 3Y4,Saskatchewan,SK,Regina,50.464454
SK,-104.593699,CA,S4N 3Y5,Saskatchewan,SK,Regina,50.464342
SK,-104.5937465,CA,S4N 3Y6,Saskatchewan,SK,Regina,50.463006
SK,-104.5937527,CA,S4N 3Y7,Saskatchewan,SK,Regina,50.4629095
SK,-104.59375,CA,S4N 3Y8,Saskatchewan,SK,Regina,50.462796
SK,-104.593893,CA,S4N 3Y9,Saskatchewan,SK,Regina,50.460549
SK,-104.59375,CA,S4N 3Z1,Saskatchewan,SK,Regina,50.461224
SK,-104.5937515,CA,S4N 3Z2,Saskatchewan,SK,Regina,50.4597618
SK,-104.593735,CA,S4N 3Z3,Saskatchewan,SK,Regina,50.45831
SK,-104.593734,CA,S4N 3Z4,Saskatchewan,SK,Regina,50.457938
SK,-104.593734,CA,S4N 3Z5,Saskatchewan,SK,Regina,50.458074
SK,-104.593687,CA,S4N 3Z6,Saskatchewan,SK,Regina,50.4515492
SK,-104.5936838,CA,S4N 3Z7,Saskatchewan,SK,Regina,50.4512179
SK,-104.593528,CA,S4N 3Z8,Saskatchewan,SK,Regina,50.449627
SK,-104.593672,CA,S4N 3Z9,Saskatchewan,SK,Regina,50.450296
SK,-104.593656,CA,S4N 4A1,Saskatchewan,SK,Regina,50.448727
SK,-104.593777,CA,S4N 4A2,Saskatchewan,SK,Regina,50.448646
SK,-104.593635,CA,S4N 4A3,Saskatchewan,SK,Regina,50.446327
SK,-104.593635,CA,S4N 4A4,Saskatchewan,SK,Regina,50.447009
SK,-104.593636,CA,S4N 4A5,Saskatchewan,SK,Regina,50.445422
SK,-104.593499,CA,S4N 4A6,Saskatchewan,SK,Regina,50.444764
SK,-104.593764,CA,S4N 4A7,Saskatchewan,SK,Regina,50.443887
SK,-104.593774,CA,S4N 4A8,Saskatchewan,SK,Regina,50.443013
SK,-104.593783,CA,S4N 4A9,Saskatchewan,SK,Regina,50.442297
SK,-104.5936607,CA,S4N 4B1,Saskatchewan,SK,Regina,50.4424043
SK,-104.593673,CA,S4N 4B2,Saskatchewan,SK,Regina,50.440711
SK,-104.5936741,CA,S4N 4B3,Saskatchewan,SK,Regina,50.4406508
SK,-104.5936737,CA,S4N 4B4,Saskatchewan,SK,Regina,50.4392387
SK,-104.593674,CA,S4N 4B5,Saskatchewan,SK,Regina,50.439129
SK,-104.5936889,CA,S4N 4B6,Saskatchewan,SK,Regina,50.4371563
SK,-104.593689,CA,S4N 4B7,Saskatchewan,SK,Regina,50.437536
SK,-104.593694,CA,S4N 4B8,Saskatchewan,SK,Regina,50.4352505
SK,-104.593689,CA,S4N 4B9,Saskatchewan,SK,Regina,50.435934
SK,-104.558826,CA,S4N 4C1,Saskatchewan,SK,Regina,50.458246
SK,-104.556443,CA,S4N 4C2,Saskatchewan,SK,Regina,50.457552
SK,-104.530198,CA,S4N 4C3,Saskatchewan,SK,Regina,50.455052
SK,-104.530198,CA,S4N 4C4,Saskatchewan,SK,Regina,50.455052
SK,-104.572136,CA,S4N 4C5,Saskatchewan,SK,Regina,50.456583
SK,-104.562135,CA,S4N 4C6,Saskatchewan,SK,Regina,50.454935
SK,-104.562109,CA,S4N 4C7,Saskatchewan,SK,Regina,50.453269
SK,-104.530198,CA,S4N 4C8,Saskatchewan,SK,Regina,50.455052
SK,-104.530198,CA,S4N 4C9,Saskatchewan,SK,Regina,50.455052
SK,-104.530198,CA,S4N 4E1,Saskatchewan,SK,Regina,50.455052
SK,-104.530198,CA,S4N 4E2,Saskatchewan,SK,Regina,50.455052
SK,-104.5525585,CA,S4N 4E3,Saskatchewan,SK,Regina,50.4566475
SK,-104.5499354,CA,S4N 4E4,Saskatchewan,SK,Regina,50.4558055
SK,-104.551443,CA,S4N 4E5,Saskatchewan,SK,Regina,50.455326
SK,-104.530198,CA,S4N 4E6,Saskatchewan,SK,Regina,50.455052
SK,-104.530198,CA,S4N 4E7,Saskatchewan,SK,Regina,50.455052
SK,-104.530198,CA,S4N 4E8,Saskatchewan,SK,Regina,50.455052
SK,-104.530198,CA,S4N 4E9,Saskatchewan,SK,Regina,50.455052
SK,-104.582897,CA,S4N 4G1,Saskatchewan,SK,Regina,50.455075
SK,-104.530198,CA,S4N 4G2,Saskatchewan,SK,Regina,50.455052
SK,-104.530198,CA,S4N 4G3,Saskatchewan,SK,Regina,50.455052
SK,-104.5550775,CA,S4N 4G4,Saskatchewan,SK,Regina,50.4611117
SK,-104.560676,CA,S4N 4G5,Saskatchewan,SK,Regina,50.45507
YT,-132.7203711,CA,Y0A 0A1,Yukon,YT,Teslin,60.1686052
YT,-129.866066,CA,Y0A 0A2,Yukon,YT,Watson Lake,60.21674
YT,-132.74365,CA,Y0A 1B0,Yukon,YT,Teslin,60.168249
YT,-128.697318,CA,Y0A 1C0,Yukon,YT,Watson Lake,60.070272
YT,-140.875303,CA,Y0B 0A1,Yukon,YT,Beaver Creek,62.383753
YT,-135.896492,CA,Y0B 0A2,Yukon,YT,Mayo,63.594262
YT,-139.4320347,CA,Y0B 0A3,Yukon,YT,Dawson,64.0600696
YT,-132.4484775,CA,Y0B 0A4,Yukon,YT,Ross River,61.9791171
YT,-134.7073506,CA,Y0B 0A5,Yukon,YT,Carcross,60.1675851
YT,-138.8008311,CA,Y0B 0A6,Yukon,YT,Destruction Bay,61.2524715
YT,-133.3531599,CA,Y0B 0A7,Yukon,YT,Faro,62.2285419
YT,-137.5117818,CA,Y0B 0A8,Yukon,YT,Haines Junction,60.7544541
YT,-136.362646,CA,Y0B 0A9,Yukon,YT,Carmacks,62.265778
YT,-136.362646,CA,Y0B 0B1,Yukon,YT,Old Crow,62.265778
YT,-136.362646,CA,Y0B 0B2,Yukon,YT,Tagish,62.265778
YT,-140.87327,CA,Y0B 1A0,Yukon,YT,Beaver Creek,62.388736
YT,-134.707678,CA,Y0B 1B0,Yukon,YT,Carcross,60.168652
YT,-135.84539,CA,Y0B 1C0,Yukon,YT,Carmacks,61.977876
YT,-135.676748,CA,Y0B 1C1,Yukon,YT,Carmacks,61.552557
YT,-139.431399,CA,Y0B 1G0,Yukon,YT,Dawson,64.061669
YT,-138.814619,CA,Y0B 1H0,Yukon,YT,Destruction Bay,61.249591
YT,-135.520172,CA,Y0B 1J0,Yukon,YT,Elsa,63.886301
YT,-133.338937,CA,Y0B 1K0,Yukon,YT,Faro,62.225604
YT,-137.855728,CA,Y0B 1L0,Yukon,YT,Haines Junction,60.92375
YT,-137.859335,CA,Y0B 1L1,Yukon,YT,Haines Junction,60.9222
YT,-135.858182,CA,Y0B 1M0,Yukon,YT,Mayo,63.597731
YT,-136.2150642,CA,Y0B 1M1,Yukon,YT,Mayo,63.5705
YT,-139.827606,CA,Y0B 1N0,Yukon,YT,Old Crow,67.572261
YT,-136.60314,CA,Y0B 1P0,Yukon,YT,Pelly Crossing,62.819543
YT,-132.464064,CA,Y0B 1S0,Yukon,YT,Ross River,61.983351
YT,-134.300806,CA,Y0B 1T0,Yukon,YT,Tagish,60.253915
YT,-139.026104,CA,Y0B 1V0,Yukon,YT,Burwash Landing,61.349198
YT,-134.819615,CA,Y0B 1Y0,Yukon,YT,Marsh Lake,60.884944
YT,-134.111237,CA,Y0B 1Y1,Yukon,YT,Marsh Lake,60.514686
YT,-134.111237,CA,Y0B 1Y2,Yukon,YT,Marsh Lake,60.514687
YT,-135.102309,CA,Y1A 0A1,Yukon,YT,Whitehorse,60.695942
YT,-135.102353,CA,Y1A 0A2,Yukon,YT,Whitehorse,60.695968
YT,-135.102309,CA,Y1A 0A3,Yukon,YT,Whitehorse,60.695943
YT,-135.076599,CA,Y1A 0A4,Yukon,YT,Whitehorse,60.732993
YT,-135.062408,CA,Y1A 0A5,Yukon,YT,Whitehorse,60.717789
YT,-135.09845,CA,Y1A 0A6,Yukon,YT,Whitehorse,60.72826
YT,-135.0008005,CA,Y1A 0A7,Yukon,YT,Whitehorse,60.642129
YT,-135.06163,CA,Y1A 0A8,Yukon,YT,Whitehorse,60.70917
YT,-135.06163,CA,Y1A 0A9,Yukon,YT,Whitehorse,60.70917
YT,-135.109526,CA,Y1A 0B1,Yukon,YT,Whitehorse,60.702377
YT,-135.08456,CA,Y1A 0B2,Yukon,YT,Whitehorse,60.723496
YT,-135.06163,CA,Y1A 0B3,Yukon,YT,Whitehorse,60.70917
YT,-135.109115,CA,Y1A 0B4,Yukon,YT,Whitehorse,60.702777
YT,-135.06163,CA,Y1A 0B5,Yukon,YT,Whitehorse,60.70917
YT,-135.06163,CA,Y1A 0B6,Yukon,YT,Whitehorse,60.70917
YT,-135.095977,CA,Y1A 0B7,Yukon,YT,Whitehorse,60.710697
YT,-135.113,CA,Y1A 0B8,Yukon,YT,Whitehorse,60.70318
YT,-135,CA,Y1A 0B9,Yukon,YT,Whitehorse,60.6721078
YT,-135.0497554,CA,Y1A 0C1,Yukon,YT,Whitehorse,60.7189459
YT,-135.10138,CA,Y1A 0C2,Yukon,YT,Whitehorse,60.734342
YT,-134.9739711,CA,Y1A 0C3,Yukon,YT,Whitehorse,60.625737
YT,-135.1021984,CA,Y1A 0C4,Yukon,YT,Whitehorse,60.7087016
YT,-135.1054586,CA,Y1A 0C5,Yukon,YT,Whitehorse,60.7082345
YT,-135.1000184,CA,Y1A 0C6,Yukon,YT,Whitehorse,60.7068481
YT,-135.0956632,CA,Y1A 0C7,Yukon,YT,Whitehorse,60.7045326
YT,-135.1043613,CA,Y1A 0C8,Yukon,YT,Whitehorse,60.7049883
YT,-135.101093,CA,Y1A 0C9,Yukon,YT,Whitehorse,60.702672
YT,-135.09565,CA,Y1A 0E1,Yukon,YT,Whitehorse,60.6998938
YT,-135.088312,CA,Y1A 0E2,Yukon,YT,Whitehorse,60.755814
YT,-135.10138,CA,Y1A 0E3,Yukon,YT,Whitehorse,60.734342
YT,-135.10138,CA,Y1A 0E4,Yukon,YT,Whitehorse,60.734342
YT,-135.10138,CA,Y1A 0E5,Yukon,YT,Whitehorse,60.734342
YT,-135.10138,CA,Y1A 0E6,Yukon,YT,Whitehorse,60.734342
YT,-135.10138,CA,Y1A 0E7,Yukon,YT,Whitehorse,60.734342
YT,-135.10138,CA,Y1A 0E8,Yukon,YT,Whitehorse,60.734342
YT,-135.10138,CA,Y1A 0E9,Yukon,YT,Whitehorse,60.734342
YT,-135.10138,CA,Y1A 0G1,Yukon,YT,Whitehorse,60.734342
YT,-135.0516529,CA,Y1A 0G2,Yukon,YT,Whitehorse,60.7152334
YT,-135.10138,CA,Y1A 0G3,Yukon,YT,Whitehorse,60.734342
YT,-135.068514,CA,Y1A 0G4,Yukon,YT,Whitehorse,60.743752
YT,-135.049985,CA,Y1A 0G5,Yukon,YT,Whitehorse,60.719901
YT,-135.0565666,CA,Y1A 0G6,Yukon,YT,Whitehorse,60.7272939
YT,-135.124155,CA,Y1A 0G7,Yukon,YT,Whitehorse,60.7661012
YT,-135.0908492,CA,Y1A 0G8,Yukon,YT,Whitehorse,60.7333019
YT,-135.1742264,CA,Y1A 0G9,Yukon,YT,Whitehorse,60.7610412
YT,-135.1742264,CA,Y1A 0H1,Yukon,YT,Whitehorse,60.7610412
YT,-135.1742264,CA,Y1A 0H2,Yukon,YT,Whitehorse,60.7610412
YT,-135.1742264,CA,Y1A 0H3,Yukon,YT,Whitehorse,60.7610412
YT,-135.1742264,CA,Y1A 0H5,Yukon,YT,Whitehorse,60.7610412
YT,-135.1742264,CA,Y1A 0H6,Yukon,YT,Whitehorse,60.7610412
YT,-135.1742264,CA,Y1A 0H7,Yukon,YT,Whitehorse,60.7610412
YT,-135.1742264,CA,Y1A 0H8,Yukon,YT,Whitehorse,60.7610412
YT,-135.1742264,CA,Y1A 0H9,Yukon,YT,Whitehorse,60.7610412
YT,-135.1742264,CA,Y1A 0J1,Yukon,YT,Whitehorse,60.7610412
YT,-135.0394592,CA,Y1A 0J2,Yukon,YT,Whitehorse,60.70683289
YT,-135.1742264,CA,Y1A 0J3,Yukon,YT,Whitehorse,60.7610412
YT,-135.1742264,CA,Y1A 0J4,Yukon,YT,Whitehorse,60.7610412
YT,-135.0600433,CA,Y1A 0J5,Yukon,YT,Whitehorse,60.67173767
YT,-135.0600433,CA,Y1A 0J6,Yukon,YT,Whitehorse,60.67173767
YT,-135.0600433,CA,Y1A 0J7,Yukon,YT,Whitehorse,60.67173767
YT,-135.0600433,CA,Y1A 0J8,Yukon,YT,Whitehorse,60.67173767
YT,-135.1742264,CA,Y1A 0J9,Yukon,YT,Whitehorse,60.7610412
YT,-135.078638,CA,Y1A 0K1,Yukon,YT,Whitehorse,60.728741
YT,-135.078638,CA,Y1A 0K2,Yukon,YT,Whitehorse,60.728741
YT,-135.078638,CA,Y1A 0K3,Yukon,YT,Whitehorse,60.728741
